#include "compiler/nir/nir_builder.h"

static inline void
gfx20_write_3DSTATE_VERTEX_BUFFERS(nir_builder *b, nir_def *arg0, nir_def *arg1)
{
   assert(arg0->bit_size == 64);
   assert(arg0->num_components == 1);

   assert(arg1->bit_size == 32);
   assert(arg1->num_components == 1);

   nir_function *func = nir_shader_get_function_for_name(b->shader, "gfx20_write_3DSTATE_VERTEX_BUFFERS");

   if (!func) {
      func = nir_function_create(b->shader, "gfx20_write_3DSTATE_VERTEX_BUFFERS");
      func->num_params = 2;
      func->params = ralloc_array(b->shader, nir_parameter, func->num_params);

      func->params[0].bit_size = 64;
      func->params[0].num_components = 1;

      func->params[1].bit_size = 32;
      func->params[1].num_components = 1;
   }

   nir_call(b, func, arg0, arg1);
}

static inline void
gfx20_write_VERTEX_BUFFER_STATE(nir_builder *b, nir_def *arg0, nir_def *arg1, nir_def *arg2, nir_def *arg3, nir_def *arg4, nir_def *arg5)
{
   assert(arg0->bit_size == 64);
   assert(arg0->num_components == 1);

   assert(arg1->bit_size == 32);
   assert(arg1->num_components == 1);

   assert(arg2->bit_size == 32);
   assert(arg2->num_components == 1);

   assert(arg3->bit_size == 64);
   assert(arg3->num_components == 1);

   assert(arg4->bit_size == 32);
   assert(arg4->num_components == 1);

   assert(arg5->bit_size == 32);
   assert(arg5->num_components == 1);

   nir_function *func = nir_shader_get_function_for_name(b->shader, "gfx20_write_VERTEX_BUFFER_STATE");

   if (!func) {
      func = nir_function_create(b->shader, "gfx20_write_VERTEX_BUFFER_STATE");
      func->num_params = 6;
      func->params = ralloc_array(b->shader, nir_parameter, func->num_params);

      func->params[0].bit_size = 64;
      func->params[0].num_components = 1;

      func->params[1].bit_size = 32;
      func->params[1].num_components = 1;

      func->params[2].bit_size = 32;
      func->params[2].num_components = 1;

      func->params[3].bit_size = 64;
      func->params[3].num_components = 1;

      func->params[4].bit_size = 32;
      func->params[4].num_components = 1;

      func->params[5].bit_size = 32;
      func->params[5].num_components = 1;
   }

   nir_call(b, func, arg0, arg1, arg2, arg3, arg4, arg5);
}

static inline void
gfx20_write_3DPRIMITIVE(nir_builder *b, nir_def *arg0, nir_def *arg1, nir_def *arg2, nir_def *arg3, nir_def *arg4, nir_def *arg5, nir_def *arg6, nir_def *arg7, nir_def *arg8)
{
   assert(arg0->bit_size == 64);
   assert(arg0->num_components == 1);

   assert(arg1->bit_size == 1);
   assert(arg1->num_components == 1);

   assert(arg2->bit_size == 1);
   assert(arg2->num_components == 1);

   assert(arg3->bit_size == 1);
   assert(arg3->num_components == 1);

   assert(arg4->bit_size == 32);
   assert(arg4->num_components == 1);

   assert(arg5->bit_size == 32);
   assert(arg5->num_components == 1);

   assert(arg6->bit_size == 32);
   assert(arg6->num_components == 1);

   assert(arg7->bit_size == 32);
   assert(arg7->num_components == 1);

   assert(arg8->bit_size == 32);
   assert(arg8->num_components == 1);

   nir_function *func = nir_shader_get_function_for_name(b->shader, "gfx20_write_3DPRIMITIVE");

   if (!func) {
      func = nir_function_create(b->shader, "gfx20_write_3DPRIMITIVE");
      func->num_params = 9;
      func->params = ralloc_array(b->shader, nir_parameter, func->num_params);

      func->params[0].bit_size = 64;
      func->params[0].num_components = 1;

      func->params[1].bit_size = 1;
      func->params[1].num_components = 1;

      func->params[2].bit_size = 1;
      func->params[2].num_components = 1;

      func->params[3].bit_size = 1;
      func->params[3].num_components = 1;

      func->params[4].bit_size = 32;
      func->params[4].num_components = 1;

      func->params[5].bit_size = 32;
      func->params[5].num_components = 1;

      func->params[6].bit_size = 32;
      func->params[6].num_components = 1;

      func->params[7].bit_size = 32;
      func->params[7].num_components = 1;

      func->params[8].bit_size = 32;
      func->params[8].num_components = 1;
   }

   nir_call(b, func, arg0, arg1, arg2, arg3, arg4, arg5, arg6, arg7, arg8);
}

static inline void
gfx20_write_3DPRIMITIVE_EXTENDED(nir_builder *b, nir_def *arg0, nir_def *arg1, nir_def *arg2, nir_def *arg3, nir_def *arg4, nir_def *arg5, nir_def *arg6, nir_def *arg7, nir_def *arg8, nir_def *arg9, nir_def *arg10, nir_def *arg11)
{
   assert(arg0->bit_size == 64);
   assert(arg0->num_components == 1);

   assert(arg1->bit_size == 1);
   assert(arg1->num_components == 1);

   assert(arg2->bit_size == 1);
   assert(arg2->num_components == 1);

   assert(arg3->bit_size == 1);
   assert(arg3->num_components == 1);

   assert(arg4->bit_size == 32);
   assert(arg4->num_components == 1);

   assert(arg5->bit_size == 32);
   assert(arg5->num_components == 1);

   assert(arg6->bit_size == 32);
   assert(arg6->num_components == 1);

   assert(arg7->bit_size == 32);
   assert(arg7->num_components == 1);

   assert(arg8->bit_size == 32);
   assert(arg8->num_components == 1);

   assert(arg9->bit_size == 32);
   assert(arg9->num_components == 1);

   assert(arg10->bit_size == 32);
   assert(arg10->num_components == 1);

   assert(arg11->bit_size == 32);
   assert(arg11->num_components == 1);

   nir_function *func = nir_shader_get_function_for_name(b->shader, "gfx20_write_3DPRIMITIVE_EXTENDED");

   if (!func) {
      func = nir_function_create(b->shader, "gfx20_write_3DPRIMITIVE_EXTENDED");
      func->num_params = 12;
      func->params = ralloc_array(b->shader, nir_parameter, func->num_params);

      func->params[0].bit_size = 64;
      func->params[0].num_components = 1;

      func->params[1].bit_size = 1;
      func->params[1].num_components = 1;

      func->params[2].bit_size = 1;
      func->params[2].num_components = 1;

      func->params[3].bit_size = 1;
      func->params[3].num_components = 1;

      func->params[4].bit_size = 32;
      func->params[4].num_components = 1;

      func->params[5].bit_size = 32;
      func->params[5].num_components = 1;

      func->params[6].bit_size = 32;
      func->params[6].num_components = 1;

      func->params[7].bit_size = 32;
      func->params[7].num_components = 1;

      func->params[8].bit_size = 32;
      func->params[8].num_components = 1;

      func->params[9].bit_size = 32;
      func->params[9].num_components = 1;

      func->params[10].bit_size = 32;
      func->params[10].num_components = 1;

      func->params[11].bit_size = 32;
      func->params[11].num_components = 1;
   }

   nir_call(b, func, arg0, arg1, arg2, arg3, arg4, arg5, arg6, arg7, arg8, arg9, arg10, arg11);
}

static inline void
gfx20_write_MI_BATCH_BUFFER_START(nir_builder *b, nir_def *arg0, nir_def *arg1)
{
   assert(arg0->bit_size == 64);
   assert(arg0->num_components == 1);

   assert(arg1->bit_size == 64);
   assert(arg1->num_components == 1);

   nir_function *func = nir_shader_get_function_for_name(b->shader, "gfx20_write_MI_BATCH_BUFFER_START");

   if (!func) {
      func = nir_function_create(b->shader, "gfx20_write_MI_BATCH_BUFFER_START");
      func->num_params = 2;
      func->params = ralloc_array(b->shader, nir_parameter, func->num_params);

      func->params[0].bit_size = 64;
      func->params[0].num_components = 1;

      func->params[1].bit_size = 64;
      func->params[1].num_components = 1;
   }

   nir_call(b, func, arg0, arg1);
}

static inline void
gfx20_write_draw(nir_builder *b, nir_def *arg0, nir_def *arg1, nir_def *arg2, nir_def *arg3, nir_def *arg4, nir_def *arg5, nir_def *arg6, nir_def *arg7, nir_def *arg8, nir_def *arg9, nir_def *arg10)
{
   assert(arg0->bit_size == 64);
   assert(arg0->num_components == 1);

   assert(arg1->bit_size == 64);
   assert(arg1->num_components == 1);

   assert(arg2->bit_size == 64);
   assert(arg2->num_components == 1);

   assert(arg3->bit_size == 32);
   assert(arg3->num_components == 1);

   assert(arg4->bit_size == 32);
   assert(arg4->num_components == 1);

   assert(arg5->bit_size == 1);
   assert(arg5->num_components == 1);

   assert(arg6->bit_size == 1);
   assert(arg6->num_components == 1);

   assert(arg7->bit_size == 1);
   assert(arg7->num_components == 1);

   assert(arg8->bit_size == 1);
   assert(arg8->num_components == 1);

   assert(arg9->bit_size == 1);
   assert(arg9->num_components == 1);

   assert(arg10->bit_size == 32);
   assert(arg10->num_components == 1);

   nir_function *func = nir_shader_get_function_for_name(b->shader, "gfx20_write_draw");

   if (!func) {
      func = nir_function_create(b->shader, "gfx20_write_draw");
      func->num_params = 11;
      func->params = ralloc_array(b->shader, nir_parameter, func->num_params);

      func->params[0].bit_size = 64;
      func->params[0].num_components = 1;

      func->params[1].bit_size = 64;
      func->params[1].num_components = 1;

      func->params[2].bit_size = 64;
      func->params[2].num_components = 1;

      func->params[3].bit_size = 32;
      func->params[3].num_components = 1;

      func->params[4].bit_size = 32;
      func->params[4].num_components = 1;

      func->params[5].bit_size = 1;
      func->params[5].num_components = 1;

      func->params[6].bit_size = 1;
      func->params[6].num_components = 1;

      func->params[7].bit_size = 1;
      func->params[7].num_components = 1;

      func->params[8].bit_size = 1;
      func->params[8].num_components = 1;

      func->params[9].bit_size = 1;
      func->params[9].num_components = 1;

      func->params[10].bit_size = 32;
      func->params[10].num_components = 1;
   }

   nir_call(b, func, arg0, arg1, arg2, arg3, arg4, arg5, arg6, arg7, arg8, arg9, arg10);
}

static inline void
gfx20_libanv_write_draw(nir_builder *b, nir_def *arg0, nir_def *arg1, nir_def *arg2, nir_def *arg3, nir_def *arg4, nir_def *arg5, nir_def *arg6, nir_def *arg7, nir_def *arg8, nir_def *arg9, nir_def *arg10, nir_def *arg11, nir_def *arg12)
{
   assert(arg0->bit_size == 64);
   assert(arg0->num_components == 1);

   assert(arg1->bit_size == 64);
   assert(arg1->num_components == 1);

   assert(arg2->bit_size == 64);
   assert(arg2->num_components == 1);

   assert(arg3->bit_size == 32);
   assert(arg3->num_components == 1);

   assert(arg4->bit_size == 64);
   assert(arg4->num_components == 1);

   assert(arg5->bit_size == 32);
   assert(arg5->num_components == 1);

   assert(arg6->bit_size == 32);
   assert(arg6->num_components == 1);

   assert(arg7->bit_size == 32);
   assert(arg7->num_components == 1);

   assert(arg8->bit_size == 32);
   assert(arg8->num_components == 1);

   assert(arg9->bit_size == 32);
   assert(arg9->num_components == 1);

   assert(arg10->bit_size == 64);
   assert(arg10->num_components == 1);

   assert(arg11->bit_size == 64);
   assert(arg11->num_components == 1);

   assert(arg12->bit_size == 32);
   assert(arg12->num_components == 1);

   nir_function *func = nir_shader_get_function_for_name(b->shader, "gfx20_libanv_write_draw");

   if (!func) {
      func = nir_function_create(b->shader, "gfx20_libanv_write_draw");
      func->num_params = 13;
      func->params = ralloc_array(b->shader, nir_parameter, func->num_params);

      func->params[0].bit_size = 64;
      func->params[0].num_components = 1;

      func->params[1].bit_size = 64;
      func->params[1].num_components = 1;

      func->params[2].bit_size = 64;
      func->params[2].num_components = 1;

      func->params[3].bit_size = 32;
      func->params[3].num_components = 1;

      func->params[4].bit_size = 64;
      func->params[4].num_components = 1;

      func->params[5].bit_size = 32;
      func->params[5].num_components = 1;

      func->params[6].bit_size = 32;
      func->params[6].num_components = 1;

      func->params[7].bit_size = 32;
      func->params[7].num_components = 1;

      func->params[8].bit_size = 32;
      func->params[8].num_components = 1;

      func->params[9].bit_size = 32;
      func->params[9].num_components = 1;

      func->params[10].bit_size = 64;
      func->params[10].num_components = 1;

      func->params[11].bit_size = 64;
      func->params[11].num_components = 1;

      func->params[12].bit_size = 32;
      func->params[12].num_components = 1;
   }

   nir_call(b, func, arg0, arg1, arg2, arg3, arg4, arg5, arg6, arg7, arg8, arg9, arg10, arg11, arg12);
}

static inline void
gfx20_libiris_write_draw(nir_builder *b, nir_def *arg0, nir_def *arg1, nir_def *arg2, nir_def *arg3, nir_def *arg4, nir_def *arg5, nir_def *arg6, nir_def *arg7, nir_def *arg8, nir_def *arg9, nir_def *arg10, nir_def *arg11)
{
   assert(arg0->bit_size == 64);
   assert(arg0->num_components == 1);

   assert(arg1->bit_size == 64);
   assert(arg1->num_components == 1);

   assert(arg2->bit_size == 64);
   assert(arg2->num_components == 1);

   assert(arg3->bit_size == 32);
   assert(arg3->num_components == 1);

   assert(arg4->bit_size == 64);
   assert(arg4->num_components == 1);

   assert(arg5->bit_size == 32);
   assert(arg5->num_components == 1);

   assert(arg6->bit_size == 32);
   assert(arg6->num_components == 1);

   assert(arg7->bit_size == 32);
   assert(arg7->num_components == 1);

   assert(arg8->bit_size == 32);
   assert(arg8->num_components == 1);

   assert(arg9->bit_size == 64);
   assert(arg9->num_components == 1);

   assert(arg10->bit_size == 64);
   assert(arg10->num_components == 1);

   assert(arg11->bit_size == 32);
   assert(arg11->num_components == 1);

   nir_function *func = nir_shader_get_function_for_name(b->shader, "gfx20_libiris_write_draw");

   if (!func) {
      func = nir_function_create(b->shader, "gfx20_libiris_write_draw");
      func->num_params = 12;
      func->params = ralloc_array(b->shader, nir_parameter, func->num_params);

      func->params[0].bit_size = 64;
      func->params[0].num_components = 1;

      func->params[1].bit_size = 64;
      func->params[1].num_components = 1;

      func->params[2].bit_size = 64;
      func->params[2].num_components = 1;

      func->params[3].bit_size = 32;
      func->params[3].num_components = 1;

      func->params[4].bit_size = 64;
      func->params[4].num_components = 1;

      func->params[5].bit_size = 32;
      func->params[5].num_components = 1;

      func->params[6].bit_size = 32;
      func->params[6].num_components = 1;

      func->params[7].bit_size = 32;
      func->params[7].num_components = 1;

      func->params[8].bit_size = 32;
      func->params[8].num_components = 1;

      func->params[9].bit_size = 64;
      func->params[9].num_components = 1;

      func->params[10].bit_size = 64;
      func->params[10].num_components = 1;

      func->params[11].bit_size = 32;
      func->params[11].num_components = 1;
   }

   nir_call(b, func, arg0, arg1, arg2, arg3, arg4, arg5, arg6, arg7, arg8, arg9, arg10, arg11);
}

static inline void
gfx20_libanv_memcpy(nir_builder *b, nir_def *arg0, nir_def *arg1, nir_def *arg2, nir_def *arg3)
{
   assert(arg0->bit_size == 64);
   assert(arg0->num_components == 1);

   assert(arg1->bit_size == 64);
   assert(arg1->num_components == 1);

   assert(arg2->bit_size == 32);
   assert(arg2->num_components == 1);

   assert(arg3->bit_size == 32);
   assert(arg3->num_components == 1);

   nir_function *func = nir_shader_get_function_for_name(b->shader, "gfx20_libanv_memcpy");

   if (!func) {
      func = nir_function_create(b->shader, "gfx20_libanv_memcpy");
      func->num_params = 4;
      func->params = ralloc_array(b->shader, nir_parameter, func->num_params);

      func->params[0].bit_size = 64;
      func->params[0].num_components = 1;

      func->params[1].bit_size = 64;
      func->params[1].num_components = 1;

      func->params[2].bit_size = 32;
      func->params[2].num_components = 1;

      func->params[3].bit_size = 32;
      func->params[3].num_components = 1;
   }

   nir_call(b, func, arg0, arg1, arg2, arg3);
}

static inline void
gfx20_libanv_query_copy(nir_builder *b, nir_def *arg0, nir_def *arg1, nir_def *arg2, nir_def *arg3, nir_def *arg4, nir_def *arg5, nir_def *arg6, nir_def *arg7, nir_def *arg8, nir_def *arg9)
{
   assert(arg0->bit_size == 64);
   assert(arg0->num_components == 1);

   assert(arg1->bit_size == 32);
   assert(arg1->num_components == 1);

   assert(arg2->bit_size == 64);
   assert(arg2->num_components == 1);

   assert(arg3->bit_size == 32);
   assert(arg3->num_components == 1);

   assert(arg4->bit_size == 32);
   assert(arg4->num_components == 1);

   assert(arg5->bit_size == 32);
   assert(arg5->num_components == 1);

   assert(arg6->bit_size == 32);
   assert(arg6->num_components == 1);

   assert(arg7->bit_size == 32);
   assert(arg7->num_components == 1);

   assert(arg8->bit_size == 32);
   assert(arg8->num_components == 1);

   assert(arg9->bit_size == 32);
   assert(arg9->num_components == 1);

   nir_function *func = nir_shader_get_function_for_name(b->shader, "gfx20_libanv_query_copy");

   if (!func) {
      func = nir_function_create(b->shader, "gfx20_libanv_query_copy");
      func->num_params = 10;
      func->params = ralloc_array(b->shader, nir_parameter, func->num_params);

      func->params[0].bit_size = 64;
      func->params[0].num_components = 1;

      func->params[1].bit_size = 32;
      func->params[1].num_components = 1;

      func->params[2].bit_size = 64;
      func->params[2].num_components = 1;

      func->params[3].bit_size = 32;
      func->params[3].num_components = 1;

      func->params[4].bit_size = 32;
      func->params[4].num_components = 1;

      func->params[5].bit_size = 32;
      func->params[5].num_components = 1;

      func->params[6].bit_size = 32;
      func->params[6].num_components = 1;

      func->params[7].bit_size = 32;
      func->params[7].num_components = 1;

      func->params[8].bit_size = 32;
      func->params[8].num_components = 1;

      func->params[9].bit_size = 32;
      func->params[9].num_components = 1;
   }

   nir_call(b, func, arg0, arg1, arg2, arg3, arg4, arg5, arg6, arg7, arg8, arg9);
}

static const uint8_t gfx20_intel_shaders_nir[] = {
    0xf0, 0x06, 0x00, 0x00, 0x01, 0x00, 0x00, 0x00, 0x6c, 0x69, 0x62, 0x72, 0x61, 0x72, 0x79, 0x00,
    0x00, 0x00, 0x00, 0x00, 0x00, 0x00, 0x00, 0x00, 0x00, 0x00, 0x00, 0x00, 0x00, 0x00, 0x00, 0x00,
    0x00, 0xbe, 0x72, 0xea, 0x81, 0xb9, 0x01, 0x8a, 0x2e, 0x93, 0xbd, 0x2e, 0x19, 0x2b, 0x81, 0xd3,
    0xd0, 0x75, 0x33, 0x8b, 0xdf, 0x0e, 0x00, 0x00, 0x00, 0x00, 0x00, 0x00, 0x00, 0x00, 0x00, 0x00,
    0x00, 0x00, 0x00, 0x00, 0x00, 0x00, 0x00, 0x00, 0x00, 0x00, 0x00, 0x00, 0x00, 0x00, 0x00, 0x00,
    0x00, 0x00, 0x00, 0x00, 0x00, 0x00, 0x00, 0x00, 0x00, 0x00, 0x00, 0x00, 0x00, 0x00, 0x00, 0x00,
    0x00, 0x00, 0x00, 0x00, 0x00, 0x00, 0x00, 0x00, 0x00, 0x00, 0x00, 0x00, 0x00, 0x00, 0x00, 0x00,
    0x00, 0x00, 0x00, 0x00, 0x00, 0x00, 0x00, 0x00, 0x00, 0x00, 0x00, 0x00, 0x00, 0x00, 0x00, 0x00,
    0x00, 0x00, 0x00, 0x00, 0x00, 0x00, 0x00, 0x00, 0x00, 0x00, 0x00, 0x00, 0x00, 0x00, 0x00, 0x00,
    0x00, 0x00, 0x00, 0x00, 0x00, 0x00, 0x00, 0x00, 0x00, 0x00, 0x00, 0x00, 0x00, 0x00, 0x00, 0x00,
    0x00, 0x00, 0x00, 0x00, 0x00, 0x00, 0x00, 0x00, 0x00, 0x00, 0x00, 0x00, 0x00, 0x00, 0x00, 0x00,
    0x00, 0x00, 0x00, 0x00, 0x00, 0x00, 0x00, 0x00, 0x00, 0x00, 0x00, 0x00, 0x00, 0x00, 0x00, 0x00,
    0x00, 0x00, 0x00, 0x00, 0x00, 0x00, 0x00, 0x00, 0x00, 0x00, 0x00, 0x00, 0x00, 0x00, 0x00, 0x00,
    0x00, 0x00, 0x00, 0x00, 0x00, 0x00, 0x00, 0x00, 0x00, 0x00, 0x00, 0x00, 0x00, 0x00, 0x00, 0x00,
    0x00, 0x00, 0x00, 0x00, 0x00, 0x00, 0x00, 0x00, 0x00, 0x00, 0x00, 0x00, 0x00, 0x00, 0x00, 0x00,
    0x00, 0x00, 0x00, 0x00, 0x00, 0x00, 0x00, 0x00, 0x00, 0x00, 0x00, 0x00, 0x00, 0x00, 0x00, 0x00,
    0x00, 0x00, 0x00, 0x00, 0x00, 0x00, 0x00, 0x00, 0x00, 0x00, 0x00, 0x00, 0x00, 0x00, 0x00, 0x00,
    0x00, 0x00, 0x00, 0x00, 0x00, 0x00, 0x00, 0x00, 0x00, 0x00, 0x00, 0x00, 0x00, 0x00, 0x00, 0x00,
    0x00, 0x00, 0x00, 0x00, 0x00, 0x00, 0x20, 0x00, 0x00, 0x00, 0x00, 0x00, 0x00, 0x00, 0x00, 0x00,
    0x00, 0x00, 0x00, 0x00, 0x00, 0x00, 0x00, 0x00, 0x40, 0x00, 0x00, 0x00, 0x00, 0x00, 0x00, 0x00,
    0x00, 0x00, 0x00, 0x00, 0x00, 0x00, 0x00, 0x00, 0x00, 0x00, 0x00, 0x00, 0x00, 0x00, 0x00, 0x00,
    0x01, 0x00, 0x00, 0x00, 0x03, 0x00, 0x00, 0x00, 0x11, 0x05, 0x00, 0x30, 0x73, 0x74, 0x72, 0x75,
    0x63, 0x74, 0x2e, 0x47, 0x46, 0x58, 0x32, 0x30, 0x5f, 0x33, 0x44, 0x53, 0x54, 0x41, 0x54, 0x45,
    0x5f, 0x56, 0x45, 0x52, 0x54, 0x45, 0x58, 0x5f, 0x42, 0x55, 0x46, 0x46, 0x45, 0x52, 0x53, 0x00,
    0x40, 0x02, 0x00, 0x00, 0x66, 0x69, 0x65, 0x6c, 0x64, 0x30, 0x00, 0x00, 0xff, 0xff, 0xff, 0xff,
    0x00, 0x00, 0x00, 0x00, 0x00, 0x00, 0x00, 0x00, 0x00, 0x00, 0x00, 0x00, 0x00, 0x00, 0x00, 0x00,
    0x00, 0x00, 0x00, 0x00, 0x00, 0x00, 0x00, 0x00, 0x40, 0x02, 0x00, 0x00, 0x66, 0x69, 0x65, 0x6c,
    0x64, 0x31, 0x00, 0x00, 0xff, 0xff, 0xff, 0xff, 0x00, 0x00, 0x00, 0x00, 0x04, 0x00, 0x00, 0x00,
    0x00, 0x00, 0x00, 0x00, 0x00, 0x00, 0x00, 0x00, 0x00, 0x00, 0x00, 0x00, 0x00, 0x00, 0x00, 0x00,
    0x40, 0x02, 0x00, 0x00, 0x66, 0x69, 0x65, 0x6c, 0x64, 0x32, 0x00, 0x00, 0xff, 0xff, 0xff, 0xff,
    0x00, 0x00, 0x00, 0x00, 0x08, 0x00, 0x00, 0x00, 0x00, 0x00, 0x00, 0x00, 0x00, 0x00, 0x00, 0x00,
    0x00, 0x00, 0x00, 0x00, 0x00, 0x00, 0x00, 0x00, 0x40, 0x02, 0x00, 0x00, 0x66, 0x69, 0x65, 0x6c,
    0x64, 0x33, 0x00, 0x00, 0xff, 0xff, 0xff, 0xff, 0x00, 0x00, 0x00, 0x00, 0x0c, 0x00, 0x00, 0x00,
    0x00, 0x00, 0x00, 0x00, 0x00, 0x00, 0x00, 0x00, 0x00, 0x00, 0x00, 0x00, 0x00, 0x00, 0x00, 0x00,
    0x40, 0x02, 0x00, 0x00, 0x66, 0x69, 0x65, 0x6c, 0x64, 0x34, 0x00, 0x00, 0xff, 0xff, 0xff, 0xff,
    0x00, 0x00, 0x00, 0x00, 0x10, 0x00, 0x00, 0x00, 0x00, 0x00, 0x00, 0x00, 0x00, 0x00, 0x00, 0x00,
    0x00, 0x00, 0x00, 0x00, 0x00, 0x00, 0x00, 0x00, 0x5f, 0x5f, 0x63, 0x6f, 0x6e, 0x73, 0x74, 0x2e,
    0x67, 0x66, 0x78, 0x32, 0x30, 0x5f, 0x77, 0x72, 0x69, 0x74, 0x65, 0x5f, 0x33, 0x44, 0x53, 0x54,
    0x41, 0x54, 0x45, 0x5f, 0x56, 0x45, 0x52, 0x54, 0x45, 0x58, 0x5f, 0x42, 0x55, 0x46, 0x46, 0x45,
    0x52, 0x53, 0x2e, 0x76, 0x00, 0x00, 0x04, 0x04, 0x00, 0x00, 0x00, 0x00, 0x00, 0x00, 0x00, 0x00,
    0x00, 0x00, 0x00, 0x00, 0x00, 0x00, 0x00, 0x00, 0x00, 0x00, 0x00, 0x00, 0x00, 0x00, 0x00, 0x00,
    0x00, 0xff, 0xff, 0xff, 0xff, 0x04, 0x00, 0x00, 0x00, 0x14, 0x00, 0x00, 0x00, 0x00, 0x00, 0x00,
    0x00, 0x00, 0x00, 0x00, 0x00, 0x00, 0x00, 0x00, 0x00, 0x00, 0x00, 0x00, 0x00, 0x00, 0x00, 0x00,
    0x00, 0x00, 0x00, 0x00, 0x00, 0x00, 0x00, 0x00, 0x00, 0x00, 0x00, 0x00, 0x00, 0x00, 0x00, 0x00,
    0x00, 0x00, 0x00, 0x00, 0x00, 0x00, 0x00, 0x00, 0x00, 0x00, 0x00, 0x00, 0x00, 0x00, 0x00, 0x00,
    0x00, 0x00, 0x00, 0x00, 0x00, 0x00, 0x00, 0x00, 0x00, 0x00, 0x00, 0x00, 0x00, 0x00, 0x00, 0x00,
    0x00, 0x00, 0x00, 0x00, 0x00, 0x00, 0x00, 0x00, 0x00, 0x00, 0x00, 0x00, 0x00, 0x00, 0x00, 0x00,
    0x00, 0x00, 0x00, 0x00, 0x00, 0x00, 0x00, 0x00, 0x00, 0x00, 0x00, 0x00, 0x00, 0x00, 0x00, 0x00,
    0x00, 0x00, 0x00, 0x00, 0x00, 0x00, 0x00, 0x00, 0x00, 0x00, 0x00, 0x00, 0x00, 0x00, 0x00, 0x00,
    0x00, 0x00, 0x00, 0x00, 0x00, 0x00, 0x00, 0x00, 0x00, 0x00, 0x00, 0x00, 0x00, 0x00, 0x00, 0x00,
    0x00, 0x00, 0x00, 0x00, 0x00, 0x00, 0x00, 0x00, 0x00, 0x00, 0x00, 0x00, 0x00, 0x00, 0x00, 0x00,
    0x05, 0x00, 0x00, 0x00, 0x03, 0x00, 0x00, 0x00, 0x00, 0x00, 0x00, 0x00, 0x00, 0x00, 0x00, 0x00,
    0x00, 0x00, 0x00, 0x00, 0x00, 0x00, 0x00, 0x00, 0x00, 0x00, 0x00, 0x00, 0x00, 0x00, 0x00, 0x00,
    0x00, 0x00, 0x00, 0x00, 0x00, 0x00, 0x00, 0x00, 0x00, 0x00, 0x00, 0x00, 0x00, 0x00, 0x00, 0x00,
    0x00, 0x00, 0x00, 0x00, 0x00, 0x00, 0x00, 0x00, 0x00, 0x00, 0x00, 0x00, 0x00, 0x00, 0x00, 0x00,
    0x00, 0x00, 0x00, 0x00, 0x00, 0x00, 0x00, 0x00, 0x00, 0x00, 0x00, 0x00, 0x00, 0x00, 0x00, 0x00,
    0x00, 0x00, 0x00, 0x00, 0x00, 0x00, 0x00, 0x00, 0x00, 0x00, 0x00, 0x00, 0x00, 0x00, 0x00, 0x00,
    0x00, 0x00, 0x00, 0x00, 0x00, 0x00, 0x00, 0x00, 0x00, 0x00, 0x00, 0x00, 0x00, 0x00, 0x00, 0x00,
    0x00, 0x00, 0x00, 0x00, 0x00, 0x00, 0x00, 0x00, 0x00, 0x00, 0x00, 0x00, 0x00, 0x00, 0x00, 0x00,
    0x00, 0x00, 0x00, 0x00, 0x00, 0x00, 0x00, 0x00, 0x08, 0x00, 0x00, 0x00, 0x00, 0x00, 0x00, 0x00,
    0x00, 0x00, 0x00, 0x00, 0x00, 0x00, 0x00, 0x00, 0x00, 0x00, 0x00, 0x00, 0x00, 0x00, 0x00, 0x00,
    0x00, 0x00, 0x00, 0x00, 0x00, 0x00, 0x00, 0x00, 0x00, 0x00, 0x00, 0x00, 0x00, 0x00, 0x00, 0x00,
    0x00, 0x00, 0x00, 0x00, 0x00, 0x00, 0x00, 0x00, 0x00, 0x00, 0x00, 0x00, 0x00, 0x00, 0x00, 0x00,
    0x00, 0x00, 0x00, 0x00, 0x00, 0x00, 0x00, 0x00, 0x00, 0x00, 0x00, 0x00, 0x00, 0x00, 0x00, 0x00,
    0x00, 0x00, 0x00, 0x00, 0x00, 0x00, 0x00, 0x00, 0x00, 0x00, 0x00, 0x00, 0x00, 0x00, 0x00, 0x00,
    0x00, 0x00, 0x00, 0x00, 0x00, 0x00, 0x00, 0x00, 0x00, 0x00, 0x00, 0x00, 0x00, 0x00, 0x00, 0x00,
    0x00, 0x00, 0x00, 0x00, 0x00, 0x00, 0x00, 0x00, 0x00, 0x00, 0x00, 0x00, 0x00, 0x00, 0x00, 0x00,
    0x00, 0x00, 0x00, 0x00, 0x00, 0x00, 0x00, 0x00, 0x00, 0x00, 0x00, 0x00, 0x00, 0x00, 0x00, 0x00,
    0x00, 0x00, 0x00, 0x00, 0x00, 0x00, 0x00, 0x00, 0x00, 0x00, 0x00, 0x00, 0x00, 0x00, 0x00, 0x00,
    0x00, 0x00, 0x00, 0x00, 0x00, 0x00, 0x00, 0x00, 0x00, 0x00, 0x00, 0x00, 0x00, 0x00, 0x00, 0x00,
    0x00, 0x00, 0x00, 0x00, 0x00, 0x00, 0x00, 0x00, 0x00, 0x00, 0x00, 0x00, 0x00, 0x00, 0x00, 0x00,
    0x00, 0x00, 0x00, 0x00, 0x00, 0x00, 0x00, 0x00, 0x00, 0x00, 0x00, 0x00, 0x00, 0x00, 0x00, 0x00,
    0x00, 0x00, 0x00, 0x00, 0x00, 0x00, 0x00, 0x00, 0x00, 0x00, 0x00, 0x00, 0x00, 0x00, 0x00, 0x00,
    0x00, 0x00, 0x00, 0x00, 0x00, 0x00, 0x00, 0x00, 0x00, 0x00, 0x00, 0x00, 0x00, 0x00, 0x00, 0x00,
    0x00, 0x00, 0x00, 0x00, 0x00, 0x00, 0x00, 0x00, 0x00, 0x00, 0x00, 0x00, 0x00, 0x00, 0x00, 0x00,
    0x00, 0x00, 0x00, 0x00, 0x00, 0x00, 0x00, 0x00, 0x00, 0x00, 0x00, 0x00, 0x00, 0x00, 0x00, 0x00,
    0x03, 0x00, 0x00, 0x00, 0x00, 0x00, 0x00, 0x00, 0x00, 0x00, 0x00, 0x00, 0x00, 0x00, 0x00, 0x00,
    0x00, 0x00, 0x00, 0x00, 0x00, 0x00, 0x00, 0x00, 0x00, 0x00, 0x00, 0x00, 0x00, 0x00, 0x00, 0x00,
    0x00, 0x00, 0x00, 0x00, 0x00, 0x00, 0x00, 0x00, 0x00, 0x00, 0x00, 0x00, 0x00, 0x00, 0x00, 0x00,
    0x00, 0x00, 0x00, 0x00, 0x00, 0x00, 0x00, 0x00, 0x00, 0x00, 0x00, 0x00, 0x00, 0x00, 0x00, 0x00,
    0x00, 0x00, 0x00, 0x00, 0x00, 0x00, 0x00, 0x00, 0x00, 0x00, 0x00, 0x00, 0x00, 0x00, 0x00, 0x00,
    0x00, 0x00, 0x00, 0x00, 0x00, 0x00, 0x00, 0x00, 0x00, 0x00, 0x00, 0x00, 0x00, 0x00, 0x00, 0x00,
    0x00, 0x00, 0x00, 0x00, 0x00, 0x00, 0x00, 0x00, 0x00, 0x00, 0x00, 0x00, 0x00, 0x00, 0x00, 0x00,
    0x00, 0x00, 0x00, 0x00, 0x00, 0x00, 0x00, 0x00, 0x00, 0x00, 0x00, 0x00, 0x00, 0x00, 0x00, 0x00,
    0x00, 0x00, 0x00, 0x00, 0x03, 0x00, 0x00, 0x00, 0x00, 0x00, 0x00, 0x00, 0x00, 0x00, 0x00, 0x00,
    0x00, 0x00, 0x00, 0x00, 0x00, 0x00, 0x00, 0x00, 0x00, 0x00, 0x00, 0x00, 0x00, 0x00, 0x00, 0x00,
    0x00, 0x00, 0x00, 0x00, 0x00, 0x00, 0x00, 0x00, 0x00, 0x00, 0x00, 0x00, 0x00, 0x00, 0x00, 0x00,
    0x00, 0x00, 0x00, 0x00, 0x00, 0x00, 0x00, 0x00, 0x00, 0x00, 0x00, 0x00, 0x00, 0x00, 0x00, 0x00,
    0x00, 0x00, 0x00, 0x00, 0x00, 0x00, 0x00, 0x00, 0x00, 0x00, 0x00, 0x00, 0x00, 0x00, 0x00, 0x00,
    0x00, 0x00, 0x00, 0x00, 0x00, 0x00, 0x00, 0x00, 0x00, 0x00, 0x00, 0x00, 0x00, 0x00, 0x00, 0x00,
    0x00, 0x00, 0x00, 0x00, 0x00, 0x00, 0x00, 0x00, 0x00, 0x00, 0x00, 0x00, 0x00, 0x00, 0x00, 0x00,
    0x00, 0x00, 0x00, 0x00, 0x00, 0x00, 0x00, 0x00, 0x00, 0x00, 0x00, 0x00, 0x00, 0x00, 0x00, 0x00,
    0x00, 0x00, 0x00, 0x00, 0x00, 0x00, 0x00, 0x00, 0x00, 0x00, 0x00, 0x00, 0x00, 0x00, 0x00, 0x00,
    0x00, 0x00, 0x00, 0x00, 0x00, 0x00, 0x00, 0x00, 0x0e, 0x00, 0x00, 0x00, 0x2c, 0x00, 0x00, 0x00,
    0x67, 0x66, 0x78, 0x32, 0x30, 0x5f, 0x77, 0x72, 0x69, 0x74, 0x65, 0x5f, 0x33, 0x44, 0x53, 0x54,
    0x41, 0x54, 0x45, 0x5f, 0x56, 0x45, 0x52, 0x54, 0x45, 0x58, 0x5f, 0x42, 0x55, 0x46, 0x46, 0x45,
    0x52, 0x53, 0x00, 0x00, 0x00, 0x00, 0x00, 0x00, 0x00, 0x00, 0x00, 0x00, 0x02, 0x00, 0x00, 0x00,
    0x01, 0x40, 0x00, 0x00, 0x01, 0x20, 0x00, 0x00, 0x2c, 0x00, 0x00, 0x00, 0x67, 0x66, 0x78, 0x32,
    0x30, 0x5f, 0x77, 0x72, 0x69, 0x74, 0x65, 0x5f, 0x56, 0x45, 0x52, 0x54, 0x45, 0x58, 0x5f, 0x42,
    0x55, 0x46, 0x46, 0x45, 0x52, 0x5f, 0x53, 0x54, 0x41, 0x54, 0x45, 0x00, 0x00, 0x00, 0x00, 0x00,
    0x00, 0x00, 0x00, 0x00, 0x06, 0x00, 0x00, 0x00, 0x01, 0x40, 0x00, 0x00, 0x01, 0x20, 0x00, 0x00,
    0x01, 0x20, 0x00, 0x00, 0x01, 0x40, 0x00, 0x00, 0x01, 0x20, 0x00, 0x00, 0x01, 0x20, 0x00, 0x00,
    0x2c, 0x00, 0x00, 0x00, 0x67, 0x66, 0x78, 0x32, 0x30, 0x5f, 0x77, 0x72, 0x69, 0x74, 0x65, 0x5f,
    0x33, 0x44, 0x50, 0x52, 0x49, 0x4d, 0x49, 0x54, 0x49, 0x56, 0x45, 0x00, 0x00, 0x00, 0x00, 0x00,
    0x00, 0x00, 0x00, 0x00, 0x09, 0x00, 0x00, 0x00, 0x01, 0x40, 0x00, 0x00, 0x01, 0x01, 0x00, 0x00,
    0x01, 0x01, 0x00, 0x00, 0x01, 0x01, 0x00, 0x00, 0x01, 0x20, 0x00, 0x00, 0x01, 0x20, 0x00, 0x00,
    0x01, 0x20, 0x00, 0x00, 0x01, 0x20, 0x00, 0x00, 0x01, 0x20, 0x00, 0x00, 0x2c, 0x00, 0x00, 0x00,
    0x67, 0x66, 0x78, 0x32, 0x30, 0x5f, 0x77, 0x72, 0x69, 0x74, 0x65, 0x5f, 0x33, 0x44, 0x50, 0x52,
    0x49, 0x4d, 0x49, 0x54, 0x49, 0x56, 0x45, 0x5f, 0x45, 0x58, 0x54, 0x45, 0x4e, 0x44, 0x45, 0x44,
    0x00, 0x00, 0x00, 0x00, 0x00, 0x00, 0x00, 0x00, 0x00, 0x00, 0x00, 0x00, 0x0c, 0x00, 0x00, 0x00,
    0x01, 0x40, 0x00, 0x00, 0x01, 0x01, 0x00, 0x00, 0x01, 0x01, 0x00, 0x00, 0x01, 0x01, 0x00, 0x00,
    0x01, 0x20, 0x00, 0x00, 0x01, 0x20, 0x00, 0x00, 0x01, 0x20, 0x00, 0x00, 0x01, 0x20, 0x00, 0x00,
    0x01, 0x20, 0x00, 0x00, 0x01, 0x20, 0x00, 0x00, 0x01, 0x20, 0x00, 0x00, 0x01, 0x20, 0x00, 0x00,
    0x2c, 0x00, 0x00, 0x00, 0x67, 0x66, 0x78, 0x32, 0x30, 0x5f, 0x77, 0x72, 0x69, 0x74, 0x65, 0x5f,
    0x4d, 0x49, 0x5f, 0x42, 0x41, 0x54, 0x43, 0x48, 0x5f, 0x42, 0x55, 0x46, 0x46, 0x45, 0x52, 0x5f,
    0x53, 0x54, 0x41, 0x52, 0x54, 0x00, 0x00, 0x00, 0x00, 0x00, 0x00, 0x00, 0x00, 0x00, 0x00, 0x00,
    0x02, 0x00, 0x00, 0x00, 0x01, 0x40, 0x00, 0x00, 0x01, 0x40, 0x00, 0x00, 0x2c, 0x00, 0x00, 0x00,
    0x67, 0x66, 0x78, 0x32, 0x30, 0x5f, 0x77, 0x72, 0x69, 0x74, 0x65, 0x5f, 0x64, 0x72, 0x61, 0x77,
    0x00, 0x00, 0x00, 0x00, 0x00, 0x00, 0x00, 0x00, 0x00, 0x00, 0x00, 0x00, 0x0b, 0x00, 0x00, 0x00,
    0x01, 0x40, 0x00, 0x00, 0x01, 0x40, 0x00, 0x00, 0x01, 0x40, 0x00, 0x00, 0x01, 0x20, 0x00, 0x00,
    0x01, 0x20, 0x00, 0x00, 0x01, 0x01, 0x00, 0x00, 0x01, 0x01, 0x00, 0x00, 0x01, 0x01, 0x00, 0x00,
    0x01, 0x01, 0x00, 0x00, 0x01, 0x01, 0x00, 0x00, 0x01, 0x20, 0x00, 0x00, 0x2c, 0x00, 0x00, 0x00,
    0x67, 0x66, 0x78, 0x32, 0x30, 0x5f, 0x6c, 0x69, 0x62, 0x61, 0x6e, 0x76, 0x5f, 0x77, 0x72, 0x69,
    0x74, 0x65, 0x5f, 0x64, 0x72, 0x61, 0x77, 0x00, 0x00, 0x00, 0x00, 0x00, 0x00, 0x00, 0x00, 0x00,
    0x0d, 0x00, 0x00, 0x00, 0x01, 0x40, 0x00, 0x00, 0x01, 0x40, 0x00, 0x00, 0x01, 0x40, 0x00, 0x00,
    0x01, 0x20, 0x00, 0x00, 0x01, 0x40, 0x00, 0x00, 0x01, 0x20, 0x00, 0x00, 0x01, 0x20, 0x00, 0x00,
    0x01, 0x20, 0x00, 0x00, 0x01, 0x20, 0x00, 0x00, 0x01, 0x20, 0x00, 0x00, 0x01, 0x40, 0x00, 0x00,
    0x01, 0x40, 0x00, 0x00, 0x01, 0x20, 0x00, 0x00, 0x2c, 0x00, 0x00, 0x00, 0x65, 0x6e, 0x64, 0x5f,
    0x67, 0x65, 0x6e, 0x65, 0x72, 0x61, 0x74, 0x65, 0x64, 0x5f, 0x64, 0x72, 0x61, 0x77, 0x73, 0x00,
    0x00, 0x00, 0x00, 0x00, 0x00, 0x00, 0x00, 0x00, 0x09, 0x00, 0x00, 0x00, 0x01, 0x40, 0x00, 0x00,
    0x01, 0x20, 0x00, 0x00, 0x01, 0x20, 0x00, 0x00, 0x01, 0x20, 0x00, 0x00, 0x01, 0x20, 0x00, 0x00,
    0x01, 0x20, 0x00, 0x00, 0x01, 0x20, 0x00, 0x00, 0x01, 0x40, 0x00, 0x00, 0x01, 0x40, 0x00, 0x00,
    0x2c, 0x00, 0x00, 0x00, 0x67, 0x66, 0x78, 0x32, 0x30, 0x5f, 0x6c, 0x69, 0x62, 0x69, 0x72, 0x69,
    0x73, 0x5f, 0x77, 0x72, 0x69, 0x74, 0x65, 0x5f, 0x64, 0x72, 0x61, 0x77, 0x00, 0x00, 0x00, 0x00,
    0x00, 0x00, 0x00, 0x00, 0x00, 0x00, 0x00, 0x00, 0x0c, 0x00, 0x00, 0x00, 0x01, 0x40, 0x00, 0x00,
    0x01, 0x40, 0x00, 0x00, 0x01, 0x40, 0x00, 0x00, 0x01, 0x20, 0x00, 0x00, 0x01, 0x40, 0x00, 0x00,
    0x01, 0x20, 0x00, 0x00, 0x01, 0x20, 0x00, 0x00, 0x01, 0x20, 0x00, 0x00, 0x01, 0x20, 0x00, 0x00,
    0x01, 0x40, 0x00, 0x00, 0x01, 0x40, 0x00, 0x00, 0x01, 0x20, 0x00, 0x00, 0x2c, 0x00, 0x00, 0x00,
    0x77, 0x72, 0x69, 0x74, 0x65, 0x5f, 0x64, 0x72, 0x61, 0x77, 0x5f, 0x69, 0x72, 0x69, 0x73, 0x00,
    0x00, 0x00, 0x00, 0x00, 0x00, 0x00, 0x00, 0x00, 0x0b, 0x00, 0x00, 0x00, 0x01, 0x40, 0x00, 0x00,
    0x01, 0x40, 0x00, 0x00, 0x01, 0x40, 0x00, 0x00, 0x01, 0x20, 0x00, 0x00, 0x01, 0x01, 0x00, 0x00,
    0x01, 0x01, 0x00, 0x00, 0x01, 0x01, 0x00, 0x00, 0x01, 0x01, 0x00, 0x00, 0x01, 0x01, 0x00, 0x00,
    0x01, 0x20, 0x00, 0x00, 0x01, 0x20, 0x00, 0x00, 0x2c, 0x00, 0x00, 0x00, 0x65, 0x6e, 0x64, 0x5f,
    0x67, 0x65, 0x6e, 0x65, 0x72, 0x61, 0x74, 0x65, 0x64, 0x5f, 0x64, 0x72, 0x61, 0x77, 0x73, 0x5f,
    0x69, 0x72, 0x69, 0x73, 0x00, 0x00, 0x00, 0x00, 0x00, 0x00, 0x00, 0x00, 0x00, 0x00, 0x00, 0x00,
    0x08, 0x00, 0x00, 0x00, 0x01, 0x40, 0x00, 0x00, 0x01, 0x20, 0x00, 0x00, 0x01, 0x20, 0x00, 0x00,
    0x01, 0x20, 0x00, 0x00, 0x01, 0x20, 0x00, 0x00, 0x01, 0x20, 0x00, 0x00, 0x01, 0x40, 0x00, 0x00,
    0x01, 0x40, 0x00, 0x00, 0x2c, 0x00, 0x00, 0x00, 0x77, 0x72, 0x69, 0x74, 0x65, 0x5f, 0x76, 0x65,
    0x72, 0x74, 0x65, 0x78, 0x5f, 0x69, 0x6e, 0x70, 0x75, 0x74, 0x73, 0x5f, 0x69, 0x72, 0x69, 0x73,
    0x00, 0x00, 0x00, 0x00, 0x00, 0x00, 0x00, 0x00, 0x00, 0x00, 0x00, 0x00, 0x0a, 0x00, 0x00, 0x00,
    0x01, 0x40, 0x00, 0x00, 0x01, 0x40, 0x00, 0x00, 0x01, 0x40, 0x00, 0x00, 0x01, 0x40, 0x00, 0x00,
    0x01, 0x20, 0x00, 0x00, 0x01, 0x01, 0x00, 0x00, 0x01, 0x01, 0x00, 0x00, 0x01, 0x01, 0x00, 0x00,
    0x01, 0x20, 0x00, 0x00, 0x01, 0x20, 0x00, 0x00, 0x2c, 0x00, 0x00, 0x00, 0x67, 0x66, 0x78, 0x32,
    0x30, 0x5f, 0x6c, 0x69, 0x62, 0x61, 0x6e, 0x76, 0x5f, 0x6d, 0x65, 0x6d, 0x63, 0x70, 0x79, 0x00,
    0x00, 0x00, 0x00, 0x00, 0x00, 0x00, 0x00, 0x00, 0x04, 0x00, 0x00, 0x00, 0x01, 0x40, 0x00, 0x00,
    0x01, 0x40, 0x00, 0x00, 0x01, 0x20, 0x00, 0x00, 0x01, 0x20, 0x00, 0x00, 0x2c, 0x00, 0x00, 0x00,
    0x67, 0x66, 0x78, 0x32, 0x30, 0x5f, 0x6c, 0x69, 0x62, 0x61, 0x6e, 0x76, 0x5f, 0x71, 0x75, 0x65,
    0x72, 0x79, 0x5f, 0x63, 0x6f, 0x70, 0x79, 0x00, 0x00, 0x00, 0x00, 0x00, 0x00, 0x00, 0x00, 0x00,
    0x0a, 0x00, 0x00, 0x00, 0x01, 0x40, 0x00, 0x00, 0x01, 0x20, 0x00, 0x00, 0x01, 0x40, 0x00, 0x00,
    0x01, 0x20, 0x00, 0x00, 0x01, 0x20, 0x00, 0x00, 0x01, 0x20, 0x00, 0x00, 0x01, 0x20, 0x00, 0x00,
    0x01, 0x20, 0x00, 0x00, 0x01, 0x20, 0x00, 0x00, 0x01, 0x20, 0x00, 0x00, 0x01, 0x00, 0x00, 0x00,
    0x01, 0x00, 0x00, 0x00, 0x01, 0x20, 0x00, 0x00, 0x76, 0x00, 0x00, 0x80, 0x00, 0x00, 0x00, 0x00,
    0x00, 0x00, 0x00, 0x00, 0x00, 0x00, 0x00, 0x00, 0x00, 0x00, 0x00, 0x00, 0x00, 0x00, 0x00, 0x00,
    0x00, 0x00, 0x00, 0x00, 0x00, 0x00, 0xff, 0xff, 0xff, 0xff, 0x04, 0x00, 0x00, 0x00, 0x00, 0x00,
    0x00, 0x00, 0x00, 0x00, 0x00, 0x00, 0x00, 0x00, 0x00, 0x00, 0x00, 0x00, 0x00, 0x00, 0x00, 0x00,
    0x00, 0x00, 0x00, 0x00, 0x01, 0x00, 0x00, 0x00, 0x00, 0x00, 0x00, 0x00, 0x00, 0x00, 0x00, 0x00,
    0x03, 0x00, 0x00, 0x00, 0x14, 0x15, 0x00, 0xf2, 0x05, 0x06, 0x00, 0x00, 0x03, 0x00, 0x08, 0x78,
    0xf4, 0x64, 0x00, 0x00, 0x48, 0x00, 0x00, 0x00, 0x44, 0x00, 0x00, 0x00, 0x01, 0x00, 0x04, 0x00,
    0x01, 0x00, 0x00, 0x00, 0x01, 0x00, 0x00, 0x00, 0x01, 0x00, 0x00, 0x00, 0x11, 0x08, 0x00, 0x40,
    0x73, 0x74, 0x72, 0x75, 0x63, 0x74, 0x2e, 0x47, 0x46, 0x58, 0x32, 0x30, 0x5f, 0x56, 0x45, 0x52,
    0x54, 0x45, 0x58, 0x5f, 0x42, 0x55, 0x46, 0x46, 0x45, 0x52, 0x5f, 0x53, 0x54, 0x41, 0x54, 0x45,
    0x00, 0x00, 0x00, 0x00, 0x40, 0x02, 0x00, 0x00, 0x66, 0x69, 0x65, 0x6c, 0x64, 0x30, 0x00, 0x00,
    0xff, 0xff, 0xff, 0xff, 0x00, 0x00, 0x00, 0x00, 0x00, 0x00, 0x00, 0x00, 0x00, 0x00, 0x00, 0x00,
    0x00, 0x00, 0x00, 0x00, 0x00, 0x00, 0x00, 0x00, 0x00, 0x00, 0x00, 0x00, 0x45, 0x02, 0x00, 0x00,
    0x66, 0x69, 0x65, 0x6c, 0x64, 0x31, 0x00, 0x00, 0xff, 0xff, 0xff, 0xff, 0x00, 0x00, 0x00, 0x00,
    0x04, 0x00, 0x00, 0x00, 0x00, 0x00, 0x00, 0x00, 0x00, 0x00, 0x00, 0x00, 0x00, 0x00, 0x00, 0x00,
    0x00, 0x00, 0x00, 0x00, 0x45, 0x02, 0x00, 0x00, 0x66, 0x69, 0x65, 0x6c, 0x64, 0x32, 0x00, 0x00,
    0xff, 0xff, 0xff, 0xff, 0x00, 0x00, 0x00, 0x00, 0x05, 0x00, 0x00, 0x00, 0x00, 0x00, 0x00, 0x00,
    0x00, 0x00, 0x00, 0x00, 0x00, 0x00, 0x00, 0x00, 0x00, 0x00, 0x00, 0x00, 0x40, 0x02, 0x00, 0x00,
    0x66, 0x69, 0x65, 0x6c, 0x64, 0x33, 0x00, 0x00, 0xff, 0xff, 0xff, 0xff, 0x00, 0x00, 0x00, 0x00,
    0x08, 0x00, 0x00, 0x00, 0x00, 0x00, 0x00, 0x00, 0x00, 0x00, 0x00, 0x00, 0x00, 0x00, 0x00, 0x00,
    0x00, 0x00, 0x00, 0x00, 0x45, 0x02, 0x00, 0x00, 0x66, 0x69, 0x65, 0x6c, 0x64, 0x34, 0x00, 0x00,
    0xff, 0xff, 0xff, 0xff, 0x00, 0x00, 0x00, 0x00, 0x0c, 0x00, 0x00, 0x00, 0x00, 0x00, 0x00, 0x00,
    0x00, 0x00, 0x00, 0x00, 0x00, 0x00, 0x00, 0x00, 0x00, 0x00, 0x00, 0x00, 0x40, 0x02, 0x00, 0x00,
    0x66, 0x69, 0x65, 0x6c, 0x64, 0x35, 0x00, 0x00, 0xff, 0xff, 0xff, 0xff, 0x00, 0x00, 0x00, 0x00,
    0x10, 0x00, 0x00, 0x00, 0x00, 0x00, 0x00, 0x00, 0x00, 0x00, 0x00, 0x00, 0x00, 0x00, 0x00, 0x00,
    0x00, 0x00, 0x00, 0x00, 0x49, 0x02, 0x00, 0x00, 0x66, 0x69, 0x65, 0x6c, 0x64, 0x36, 0x00, 0x00,
    0xff, 0xff, 0xff, 0xff, 0x00, 0x00, 0x00, 0x00, 0x18, 0x00, 0x00, 0x00, 0x00, 0x00, 0x00, 0x00,
    0x00, 0x00, 0x00, 0x00, 0x00, 0x00, 0x00, 0x00, 0x00, 0x00, 0x00, 0x00, 0x40, 0x02, 0x00, 0x00,
    0x66, 0x69, 0x65, 0x6c, 0x64, 0x37, 0x00, 0x00, 0xff, 0xff, 0xff, 0xff, 0x00, 0x00, 0x00, 0x00,
    0x20, 0x00, 0x00, 0x00, 0x00, 0x00, 0x00, 0x00, 0x00, 0x00, 0x00, 0x00, 0x00, 0x00, 0x00, 0x00,
    0x00, 0x00, 0x00, 0x00, 0x76, 0x00, 0x00, 0x80, 0x00, 0x00, 0x00, 0x00, 0x00, 0x00, 0x00, 0x00,
    0x00, 0x00, 0x00, 0x00, 0x00, 0x00, 0x00, 0x00, 0x00, 0x00, 0x00, 0x00, 0x00, 0x00, 0x00, 0x00,
    0x00, 0x00, 0xff, 0xff, 0xff, 0xff, 0x08, 0x00, 0x00, 0x00, 0x18, 0x00, 0x00, 0x00, 0x00, 0x00,
    0x00, 0x00, 0x00, 0x00, 0x00, 0x00, 0x00, 0x00, 0x00, 0x00, 0x00, 0x00, 0x00, 0x00, 0x00, 0x00,
    0x01, 0x00, 0x00, 0x00, 0x00, 0x00, 0x00, 0x00, 0x00, 0x00, 0x00, 0x00, 0x32, 0x00, 0x00, 0x00,
    0x14, 0x15, 0x00, 0xf2, 0x14, 0x15, 0x01, 0xe2, 0x14, 0x15, 0x02, 0xe2, 0x14, 0x15, 0x03, 0xf2,
    0x14, 0x15, 0x04, 0xe2, 0x14, 0x15, 0x05, 0xe2, 0x05, 0x0f, 0x00, 0x00, 0x00, 0x10, 0x31, 0x92,
    0x18, 0x00, 0x1b, 0x00, 0x05, 0x16, 0x02, 0x00, 0x00, 0x10, 0x37, 0xf2, 0x1a, 0x00, 0x00, 0x00,
    0x05, 0x37, 0x00, 0x00, 0x00, 0x40, 0x22, 0xf2, 0x1c, 0x00, 0x00, 0x00, 0x05, 0xb6, 0x01, 0x00,
    0x00, 0xa0, 0x33, 0xf2, 0x20, 0x00, 0x21, 0x00, 0x00, 0x70, 0x33, 0xf2, 0x1e, 0x00, 0x22, 0x00,
    0x00, 0xd0, 0x39, 0xe2, 0x23, 0x00, 0x00, 0x00, 0x05, 0x4e, 0x00, 0x00, 0x00, 0x70, 0x33, 0xe2,
    0x24, 0x00, 0x25, 0x00, 0x00, 0xe0, 0x39, 0xe2, 0x23, 0x00, 0x00, 0x00, 0x00, 0x00, 0x35, 0xf2,
    0x26, 0x00, 0x27, 0x00, 0x00, 0x10, 0x37, 0xf2, 0x16, 0x00, 0x00, 0x00, 0x00, 0xa0, 0x33, 0xf2,
    0x29, 0x00, 0x1d, 0x00, 0x00, 0x70, 0x33, 0xf2, 0x28, 0x00, 0x2a, 0x00, 0x00, 0xd0, 0x39, 0xe2,
    0x2b, 0x00, 0x00, 0x00, 0x05, 0x0e, 0x00, 0x02, 0x00, 0x70, 0x33, 0xe2, 0x2c, 0x00, 0x2d, 0x00,
    0x00, 0xe0, 0x39, 0xe2, 0x2b, 0x00, 0x00, 0x00, 0x00, 0x00, 0x35, 0xf2, 0x2e, 0x00, 0x2f, 0x00,
    0x00, 0x10, 0x37, 0xf2, 0x17, 0x00, 0x00, 0x00, 0x05, 0x56, 0x03, 0x00, 0x00, 0xa0, 0x33, 0xf2,
    0x31, 0x00, 0x32, 0x00, 0x00, 0x70, 0x33, 0xf2, 0x30, 0x00, 0x33, 0x00, 0x00, 0x00, 0x37, 0xe2,
    0x34, 0x00, 0x00, 0x00, 0xf4, 0x64, 0x00, 0x00, 0xd4, 0x00, 0x00, 0x00, 0x54, 0x00, 0x00, 0x00,
    0x01, 0x00, 0x04, 0x00, 0x00, 0x00, 0x37, 0xe2, 0x18, 0x00, 0x00, 0x00, 0x05, 0x56, 0x00, 0x00,
    0x00, 0xa0, 0x33, 0xf2, 0x1f, 0x00, 0x37, 0x00, 0x00, 0xa0, 0x30, 0xf2, 0x15, 0x00, 0x38, 0x00,
    0xf4, 0x64, 0x00, 0x00, 0xd8, 0x00, 0x00, 0x00, 0xe4, 0x00, 0x00, 0x00, 0x01, 0x00, 0x04, 0x00,
    0x00, 0xe0, 0x39, 0xe2, 0x18, 0x00, 0x00, 0x00, 0x05, 0x57, 0x00, 0x00, 0x05, 0x56, 0x00, 0x00,
    0x00, 0xa0, 0x33, 0xf2, 0x3b, 0x00, 0x3c, 0x00, 0x00, 0xa0, 0x30, 0xf2, 0x15, 0x00, 0x3d, 0x00,
    0xf4, 0x64, 0x00, 0x00, 0xe8, 0x00, 0x00, 0x00, 0xf8, 0x00, 0x00, 0x00, 0x01, 0x00, 0x04, 0x00,
    0x05, 0x77, 0x00, 0x00, 0x05, 0x56, 0x00, 0x00, 0x00, 0xa0, 0x33, 0xf2, 0x3f, 0x00, 0x40, 0x00,
    0x00, 0xa0, 0x30, 0xf2, 0x15, 0x00, 0x41, 0x00, 0xf4, 0x64, 0x00, 0x00, 0x64, 0x00, 0x00, 0x00,
    0x08, 0x01, 0x00, 0x00, 0x01, 0x00, 0x04, 0x00, 0x01, 0x00, 0x00, 0x00, 0x01, 0x00, 0x00, 0x00,
    0x01, 0x00, 0x00, 0x00, 0x11, 0x15, 0x00, 0x30, 0x73, 0x74, 0x72, 0x75, 0x63, 0x74, 0x2e, 0x47,
    0x46, 0x58, 0x32, 0x30, 0x5f, 0x33, 0x44, 0x50, 0x52, 0x49, 0x4d, 0x49, 0x54, 0x49, 0x56, 0x45,
    0x00, 0x00, 0x00, 0x00, 0x40, 0x02, 0x00, 0x00, 0x66, 0x69, 0x65, 0x6c, 0x64, 0x30, 0x00, 0x00,
    0xff, 0xff, 0xff, 0xff, 0x00, 0x00, 0x00, 0x00, 0x00, 0x00, 0x00, 0x00, 0x00, 0x00, 0x00, 0x00,
    0x00, 0x00, 0x00, 0x00, 0x00, 0x00, 0x00, 0x00, 0x00, 0x00, 0x00, 0x00, 0x45, 0x02, 0x00, 0x00,
    0x66, 0x69, 0x65, 0x6c, 0x64, 0x31, 0x00, 0x00, 0xff, 0xff, 0xff, 0xff, 0x00, 0x00, 0x00, 0x00,
    0x04, 0x00, 0x00, 0x00, 0x00, 0x00, 0x00, 0x00, 0x00, 0x00, 0x00, 0x00, 0x00, 0x00, 0x00, 0x00,
    0x00, 0x00, 0x00, 0x00, 0x45, 0x02, 0x00, 0x00, 0x66, 0x69, 0x65, 0x6c, 0x64, 0x32, 0x00, 0x00,
    0xff, 0xff, 0xff, 0xff, 0x00, 0x00, 0x00, 0x00, 0x05, 0x00, 0x00, 0x00, 0x00, 0x00, 0x00, 0x00,
    0x00, 0x00, 0x00, 0x00, 0x00, 0x00, 0x00, 0x00, 0x00, 0x00, 0x00, 0x00, 0x45, 0x02, 0x00, 0x00,
    0x66, 0x69, 0x65, 0x6c, 0x64, 0x33, 0x00, 0x00, 0xff, 0xff, 0xff, 0xff, 0x00, 0x00, 0x00, 0x00,
    0x06, 0x00, 0x00, 0x00, 0x00, 0x00, 0x00, 0x00, 0x00, 0x00, 0x00, 0x00, 0x00, 0x00, 0x00, 0x00,
    0x00, 0x00, 0x00, 0x00, 0x40, 0x02, 0x00, 0x00, 0x66, 0x69, 0x65, 0x6c, 0x64, 0x34, 0x00, 0x00,
    0xff, 0xff, 0xff, 0xff, 0x00, 0x00, 0x00, 0x00, 0x08, 0x00, 0x00, 0x00, 0x00, 0x00, 0x00, 0x00,
    0x00, 0x00, 0x00, 0x00, 0x00, 0x00, 0x00, 0x00, 0x00, 0x00, 0x00, 0x00, 0x40, 0x02, 0x00, 0x00,
    0x66, 0x69, 0x65, 0x6c, 0x64, 0x35, 0x00, 0x00, 0xff, 0xff, 0xff, 0xff, 0x00, 0x00, 0x00, 0x00,
    0x0c, 0x00, 0x00, 0x00, 0x00, 0x00, 0x00, 0x00, 0x00, 0x00, 0x00, 0x00, 0x00, 0x00, 0x00, 0x00,
    0x00, 0x00, 0x00, 0x00, 0x40, 0x02, 0x00, 0x00, 0x66, 0x69, 0x65, 0x6c, 0x64, 0x36, 0x00, 0x00,
    0xff, 0xff, 0xff, 0xff, 0x00, 0x00, 0x00, 0x00, 0x10, 0x00, 0x00, 0x00, 0x00, 0x00, 0x00, 0x00,
    0x00, 0x00, 0x00, 0x00, 0x00, 0x00, 0x00, 0x00, 0x00, 0x00, 0x00, 0x00, 0x40, 0x02, 0x00, 0x00,
    0x66, 0x69, 0x65, 0x6c, 0x64, 0x37, 0x00, 0x00, 0xff, 0xff, 0xff, 0xff, 0x00, 0x00, 0x00, 0x00,
    0x14, 0x00, 0x00, 0x00, 0x00, 0x00, 0x00, 0x00, 0x00, 0x00, 0x00, 0x00, 0x00, 0x00, 0x00, 0x00,
    0x00, 0x00, 0x00, 0x00, 0x40, 0x02, 0x00, 0x00, 0x66, 0x69, 0x65, 0x6c, 0x64, 0x38, 0x00, 0x00,
    0xff, 0xff, 0xff, 0xff, 0x00, 0x00, 0x00, 0x00, 0x18, 0x00, 0x00, 0x00, 0x00, 0x00, 0x00, 0x00,
    0x00, 0x00, 0x00, 0x00, 0x00, 0x00, 0x00, 0x00, 0x00, 0x00, 0x00, 0x00, 0x40, 0x02, 0x00, 0x00,
    0x66, 0x69, 0x65, 0x6c, 0x64, 0x39, 0x00, 0x00, 0xff, 0xff, 0xff, 0xff, 0x00, 0x00, 0x00, 0x00,
    0x1c, 0x00, 0x00, 0x00, 0x00, 0x00, 0x00, 0x00, 0x00, 0x00, 0x00, 0x00, 0x00, 0x00, 0x00, 0x00,
    0x00, 0x00, 0x00, 0x00, 0x40, 0x02, 0x00, 0x00, 0x66, 0x69, 0x65, 0x6c, 0x64, 0x31, 0x30, 0x00,
    0xff, 0xff, 0xff, 0xff, 0x00, 0x00, 0x00, 0x00, 0x20, 0x00, 0x00, 0x00, 0x00, 0x00, 0x00, 0x00,
    0x00, 0x00, 0x00, 0x00, 0x00, 0x00, 0x00, 0x00, 0x00, 0x00, 0x00, 0x00, 0x40, 0x02, 0x00, 0x00,
    0x66, 0x69, 0x65, 0x6c, 0x64, 0x31, 0x31, 0x00, 0xff, 0xff, 0xff, 0xff, 0x00, 0x00, 0x00, 0x00,
    0x24, 0x00, 0x00, 0x00, 0x00, 0x00, 0x00, 0x00, 0x00, 0x00, 0x00, 0x00, 0x00, 0x00, 0x00, 0x00,
    0x00, 0x00, 0x00, 0x00, 0x45, 0x02, 0x00, 0x00, 0x66, 0x69, 0x65, 0x6c, 0x64, 0x31, 0x32, 0x00,
    0xff, 0xff, 0xff, 0xff, 0x00, 0x00, 0x00, 0x00, 0x28, 0x00, 0x00, 0x00, 0x00, 0x00, 0x00, 0x00,
    0x00, 0x00, 0x00, 0x00, 0x00, 0x00, 0x00, 0x00, 0x00, 0x00, 0x00, 0x00, 0x40, 0x02, 0x00, 0x00,
    0x66, 0x69, 0x65, 0x6c, 0x64, 0x31, 0x33, 0x00, 0xff, 0xff, 0xff, 0xff, 0x00, 0x00, 0x00, 0x00,
    0x2c, 0x00, 0x00, 0x00, 0x00, 0x00, 0x00, 0x00, 0x00, 0x00, 0x00, 0x00, 0x00, 0x00, 0x00, 0x00,
    0x00, 0x00, 0x00, 0x00, 0x40, 0x02, 0x00, 0x00, 0x66, 0x69, 0x65, 0x6c, 0x64, 0x31, 0x34, 0x00,
    0xff, 0xff, 0xff, 0xff, 0x00, 0x00, 0x00, 0x00, 0x30, 0x00, 0x00, 0x00, 0x00, 0x00, 0x00, 0x00,
    0x00, 0x00, 0x00, 0x00, 0x00, 0x00, 0x00, 0x00, 0x00, 0x00, 0x00, 0x00, 0x40, 0x02, 0x00, 0x00,
    0x66, 0x69, 0x65, 0x6c, 0x64, 0x31, 0x35, 0x00, 0xff, 0xff, 0xff, 0xff, 0x00, 0x00, 0x00, 0x00,
    0x34, 0x00, 0x00, 0x00, 0x00, 0x00, 0x00, 0x00, 0x00, 0x00, 0x00, 0x00, 0x00, 0x00, 0x00, 0x00,
    0x00, 0x00, 0x00, 0x00, 0x40, 0x02, 0x00, 0x00, 0x66, 0x69, 0x65, 0x6c, 0x64, 0x31, 0x36, 0x00,
    0xff, 0xff, 0xff, 0xff, 0x00, 0x00, 0x00, 0x00, 0x38, 0x00, 0x00, 0x00, 0x00, 0x00, 0x00, 0x00,
    0x00, 0x00, 0x00, 0x00, 0x00, 0x00, 0x00, 0x00, 0x00, 0x00, 0x00, 0x00, 0x40, 0x02, 0x00, 0x00,
    0x66, 0x69, 0x65, 0x6c, 0x64, 0x31, 0x37, 0x00, 0xff, 0xff, 0xff, 0xff, 0x00, 0x00, 0x00, 0x00,
    0x3c, 0x00, 0x00, 0x00, 0x00, 0x00, 0x00, 0x00, 0x00, 0x00, 0x00, 0x00, 0x00, 0x00, 0x00, 0x00,
    0x00, 0x00, 0x00, 0x00, 0x40, 0x02, 0x00, 0x00, 0x66, 0x69, 0x65, 0x6c, 0x64, 0x31, 0x38, 0x00,
    0xff, 0xff, 0xff, 0xff, 0x00, 0x00, 0x00, 0x00, 0x40, 0x00, 0x00, 0x00, 0x00, 0x00, 0x00, 0x00,
    0x00, 0x00, 0x00, 0x00, 0x00, 0x00, 0x00, 0x00, 0x00, 0x00, 0x00, 0x00, 0x40, 0x02, 0x00, 0x00,
    0x66, 0x69, 0x65, 0x6c, 0x64, 0x31, 0x39, 0x00, 0xff, 0xff, 0xff, 0xff, 0x00, 0x00, 0x00, 0x00,
    0x44, 0x00, 0x00, 0x00, 0x00, 0x00, 0x00, 0x00, 0x00, 0x00, 0x00, 0x00, 0x00, 0x00, 0x00, 0x00,
    0x00, 0x00, 0x00, 0x00, 0x40, 0x02, 0x00, 0x00, 0x66, 0x69, 0x65, 0x6c, 0x64, 0x32, 0x30, 0x00,
    0xff, 0xff, 0xff, 0xff, 0x00, 0x00, 0x00, 0x00, 0x48, 0x00, 0x00, 0x00, 0x00, 0x00, 0x00, 0x00,
    0x00, 0x00, 0x00, 0x00, 0x00, 0x00, 0x00, 0x00, 0x00, 0x00, 0x00, 0x00, 0x76, 0x00, 0x00, 0x80,
    0x00, 0x00, 0x00, 0x00, 0x00, 0x00, 0x00, 0x00, 0x00, 0x00, 0x00, 0x00, 0x00, 0x00, 0x00, 0x00,
    0x00, 0x00, 0x00, 0x00, 0x00, 0x00, 0x00, 0x00, 0x00, 0x00, 0xff, 0xff, 0xff, 0xff, 0x04, 0x00,
    0x00, 0x00, 0x40, 0x00, 0x00, 0x00, 0x00, 0x00, 0x00, 0x00, 0x00, 0x00, 0x00, 0x00, 0x00, 0x00,
    0x00, 0x00, 0x00, 0x00, 0x00, 0x00, 0x00, 0x00, 0x01, 0x00, 0x00, 0x00, 0x00, 0x00, 0x00, 0x00,
    0x00, 0x00, 0x00, 0x00, 0x3a, 0x00, 0x00, 0x00, 0x14, 0x15, 0x00, 0xf2, 0x14, 0x15, 0x01, 0x92,
    0x14, 0x15, 0x02, 0x92, 0x14, 0x15, 0x03, 0x92, 0x14, 0x15, 0x04, 0xe2, 0x14, 0x15, 0x05, 0xe2,
    0x14, 0x15, 0x06, 0xe2, 0x14, 0x15, 0x07, 0xe2, 0x14, 0x15, 0x08, 0xe2, 0x05, 0x16, 0x01, 0x00,
    0x05, 0xb7, 0x00, 0x00, 0x05, 0x37, 0x00, 0x00, 0x00, 0x40, 0x22, 0xf2, 0x46, 0x00, 0x00, 0x00,
    0x00, 0xa0, 0x33, 0xf2, 0x51, 0x00, 0x4e, 0x00, 0x00, 0xd0, 0x39, 0xe2, 0x52, 0x00, 0x00, 0x00,
    0x05, 0xb6, 0x00, 0x00, 0x00, 0x70, 0x33, 0xe2, 0x53, 0x00, 0x54, 0x00, 0x00, 0xe0, 0x39, 0xe2,
    0x52, 0x00, 0x00, 0x00, 0x00, 0x00, 0x35, 0xf2, 0x55, 0x00, 0x56, 0x00, 0x00, 0x40, 0x22, 0xf2,
    0x48, 0x00, 0x00, 0x00, 0x05, 0xb6, 0x01, 0x00, 0x00, 0xa0, 0x33, 0xf2, 0x58, 0x00, 0x59, 0x00,
    0x00, 0x70, 0x33, 0xf2, 0x57, 0x00, 0x5a, 0x00, 0x05, 0x77, 0x00, 0x00, 0x00, 0xd0, 0x39, 0xe2,
    0x5b, 0x00, 0x00, 0x00, 0x05, 0x0e, 0x00, 0x7b, 0x00, 0x70, 0x33, 0xe2, 0x5e, 0x00, 0x5d, 0x00,
    0xf4, 0x64, 0x00, 0x00, 0x7c, 0x01, 0x00, 0x00, 0x14, 0x01, 0x00, 0x00, 0x01, 0x00, 0x04, 0x00,
    0x00, 0x40, 0x22, 0xf2, 0x47, 0x00, 0x00, 0x00, 0x00, 0xa0, 0x33, 0xf2, 0x60, 0x00, 0x4e, 0x00,
    0x00, 0x00, 0x37, 0xe2, 0x61, 0x00, 0x00, 0x00, 0x05, 0x56, 0x00, 0x00, 0x00, 0xa0, 0x33, 0xf2,
    0x50, 0x00, 0x63, 0x00, 0x00, 0xa0, 0x30, 0xf2, 0x45, 0x00, 0x64, 0x00, 0xf4, 0x64, 0x00, 0x00,
    0x88, 0x01, 0x00, 0x00, 0x94, 0x01, 0x00, 0x00, 0x01, 0x00, 0x04, 0x00, 0x05, 0x57, 0x00, 0x00,
    0x05, 0x56, 0x00, 0x00, 0x00, 0xa0, 0x33, 0xf2, 0x66, 0x00, 0x67, 0x00, 0x00, 0xa0, 0x30, 0xf2,
    0x45, 0x00, 0x68, 0x00, 0xf4, 0x64, 0x00, 0x00, 0x24, 0x01, 0x00, 0x00, 0xa4, 0x01, 0x00, 0x00,
    0x01, 0x00, 0x04, 0x00, 0x05, 0x56, 0x00, 0x00, 0x00, 0xa0, 0x33, 0xf2, 0x5c, 0x00, 0x6a, 0x00,
    0x00, 0xa0, 0x30, 0xf2, 0x45, 0x00, 0x6b, 0x00, 0xf4, 0x64, 0x00, 0x00, 0x28, 0x01, 0x00, 0x00,
    0xb0, 0x01, 0x00, 0x00, 0x01, 0x00, 0x04, 0x00, 0x05, 0x97, 0x00, 0x00, 0x05, 0x56, 0x00, 0x00,
    0x00, 0xa0, 0x33, 0xf2, 0x6d, 0x00, 0x6e, 0x00, 0x00, 0xa0, 0x30, 0xf2, 0x45, 0x00, 0x6f, 0x00,
    0xf4, 0x64, 0x00, 0x00, 0x2c, 0x01, 0x00, 0x00, 0xc0, 0x01, 0x00, 0x00, 0x01, 0x00, 0x04, 0x00,
    0x05, 0x56, 0x00, 0x00, 0x00, 0xa0, 0x33, 0xf2, 0x4f, 0x00, 0x71, 0x00, 0x00, 0xa0, 0x30, 0xf2,
    0x45, 0x00, 0x72, 0x00, 0xf4, 0x64, 0x00, 0x00, 0x30, 0x01, 0x00, 0x00, 0xcc, 0x01, 0x00, 0x00,
    0x01, 0x00, 0x04, 0x00, 0x05, 0xd7, 0x00, 0x00, 0x05, 0x56, 0x00, 0x00, 0x00, 0xa0, 0x33, 0xf2,
    0x74, 0x00, 0x75, 0x00, 0x00, 0xa0, 0x30, 0xf2, 0x45, 0x00, 0x76, 0x00, 0xf4, 0x64, 0x00, 0x00,
    0x34, 0x01, 0x00, 0x00, 0xdc, 0x01, 0x00, 0x00, 0x01, 0x00, 0x04, 0x00, 0x01, 0x00, 0x00, 0x00,
    0x01, 0x00, 0x00, 0x00, 0x01, 0x08, 0x00, 0x00, 0x11, 0x15, 0x00, 0x30, 0x73, 0x74, 0x72, 0x75,
    0x63, 0x74, 0x2e, 0x47, 0x46, 0x58, 0x32, 0x30, 0x5f, 0x33, 0x44, 0x50, 0x52, 0x49, 0x4d, 0x49,
    0x54, 0x49, 0x56, 0x45, 0x5f, 0x45, 0x58, 0x54, 0x45, 0x4e, 0x44, 0x45, 0x44, 0x00, 0x00, 0x00,
    0x40, 0x02, 0x00, 0x00, 0x66, 0x69, 0x65, 0x6c, 0x64, 0x30, 0x00, 0x00, 0xff, 0xff, 0xff, 0xff,
    0x00, 0x00, 0x00, 0x00, 0x00, 0x00, 0x00, 0x00, 0x00, 0x00, 0x00, 0x00, 0x00, 0x00, 0x00, 0x00,
    0x00, 0x00, 0x00, 0x00, 0x00, 0x00, 0x00, 0x00, 0x45, 0x02, 0x00, 0x00, 0x66, 0x69, 0x65, 0x6c,
    0x64, 0x31, 0x00, 0x00, 0xff, 0xff, 0xff, 0xff, 0x00, 0x00, 0x00, 0x00, 0x04, 0x00, 0x00, 0x00,
    0x00, 0x00, 0x00, 0x00, 0x00, 0x00, 0x00, 0x00, 0x00, 0x00, 0x00, 0x00, 0x00, 0x00, 0x00, 0x00,
    0x45, 0x02, 0x00, 0x00, 0x66, 0x69, 0x65, 0x6c, 0x64, 0x32, 0x00, 0x00, 0xff, 0xff, 0xff, 0xff,
    0x00, 0x00, 0x00, 0x00, 0x05, 0x00, 0x00, 0x00, 0x00, 0x00, 0x00, 0x00, 0x00, 0x00, 0x00, 0x00,
    0x00, 0x00, 0x00, 0x00, 0x00, 0x00, 0x00, 0x00, 0x45, 0x02, 0x00, 0x00, 0x66, 0x69, 0x65, 0x6c,
    0x64, 0x33, 0x00, 0x00, 0xff, 0xff, 0xff, 0xff, 0x00, 0x00, 0x00, 0x00, 0x06, 0x00, 0x00, 0x00,
    0x00, 0x00, 0x00, 0x00, 0x00, 0x00, 0x00, 0x00, 0x00, 0x00, 0x00, 0x00, 0x00, 0x00, 0x00, 0x00,
    0x45, 0x02, 0x00, 0x00, 0x66, 0x69, 0x65, 0x6c, 0x64, 0x34, 0x00, 0x00, 0xff, 0xff, 0xff, 0xff,
    0x00, 0x00, 0x00, 0x00, 0x07, 0x00, 0x00, 0x00, 0x00, 0x00, 0x00, 0x00, 0x00, 0x00, 0x00, 0x00,
    0x00, 0x00, 0x00, 0x00, 0x00, 0x00, 0x00, 0x00, 0x40, 0x02, 0x00, 0x00, 0x66, 0x69, 0x65, 0x6c,
    0x64, 0x35, 0x00, 0x00, 0xff, 0xff, 0xff, 0xff, 0x00, 0x00, 0x00, 0x00, 0x08, 0x00, 0x00, 0x00,
    0x00, 0x00, 0x00, 0x00, 0x00, 0x00, 0x00, 0x00, 0x00, 0x00, 0x00, 0x00, 0x00, 0x00, 0x00, 0x00,
    0x40, 0x02, 0x00, 0x00, 0x66, 0x69, 0x65, 0x6c, 0x64, 0x36, 0x00, 0x00, 0xff, 0xff, 0xff, 0xff,
    0x00, 0x00, 0x00, 0x00, 0x0c, 0x00, 0x00, 0x00, 0x00, 0x00, 0x00, 0x00, 0x00, 0x00, 0x00, 0x00,
    0x00, 0x00, 0x00, 0x00, 0x00, 0x00, 0x00, 0x00, 0x40, 0x02, 0x00, 0x00, 0x66, 0x69, 0x65, 0x6c,
    0x64, 0x37, 0x00, 0x00, 0xff, 0xff, 0xff, 0xff, 0x00, 0x00, 0x00, 0x00, 0x10, 0x00, 0x00, 0x00,
    0x00, 0x00, 0x00, 0x00, 0x00, 0x00, 0x00, 0x00, 0x00, 0x00, 0x00, 0x00, 0x00, 0x00, 0x00, 0x00,
    0x40, 0x02, 0x00, 0x00, 0x66, 0x69, 0x65, 0x6c, 0x64, 0x38, 0x00, 0x00, 0xff, 0xff, 0xff, 0xff,
    0x00, 0x00, 0x00, 0x00, 0x14, 0x00, 0x00, 0x00, 0x00, 0x00, 0x00, 0x00, 0x00, 0x00, 0x00, 0x00,
    0x00, 0x00, 0x00, 0x00, 0x00, 0x00, 0x00, 0x00, 0x40, 0x02, 0x00, 0x00, 0x66, 0x69, 0x65, 0x6c,
    0x64, 0x39, 0x00, 0x00, 0xff, 0xff, 0xff, 0xff, 0x00, 0x00, 0x00, 0x00, 0x18, 0x00, 0x00, 0x00,
    0x00, 0x00, 0x00, 0x00, 0x00, 0x00, 0x00, 0x00, 0x00, 0x00, 0x00, 0x00, 0x00, 0x00, 0x00, 0x00,
    0x40, 0x02, 0x00, 0x00, 0x66, 0x69, 0x65, 0x6c, 0x64, 0x31, 0x30, 0x00, 0xff, 0xff, 0xff, 0xff,
    0x00, 0x00, 0x00, 0x00, 0x1c, 0x00, 0x00, 0x00, 0x00, 0x00, 0x00, 0x00, 0x00, 0x00, 0x00, 0x00,
    0x00, 0x00, 0x00, 0x00, 0x00, 0x00, 0x00, 0x00, 0x40, 0x02, 0x00, 0x00, 0x66, 0x69, 0x65, 0x6c,
    0x64, 0x31, 0x31, 0x00, 0xff, 0xff, 0xff, 0xff, 0x00, 0x00, 0x00, 0x00, 0x20, 0x00, 0x00, 0x00,
    0x00, 0x00, 0x00, 0x00, 0x00, 0x00, 0x00, 0x00, 0x00, 0x00, 0x00, 0x00, 0x00, 0x00, 0x00, 0x00,
    0x45, 0x02, 0x00, 0x00, 0x66, 0x69, 0x65, 0x6c, 0x64, 0x31, 0x32, 0x00, 0xff, 0xff, 0xff, 0xff,
    0x00, 0x00, 0x00, 0x00, 0x24, 0x00, 0x00, 0x00, 0x00, 0x00, 0x00, 0x00, 0x00, 0x00, 0x00, 0x00,
    0x00, 0x00, 0x00, 0x00, 0x00, 0x00, 0x00, 0x00, 0x40, 0x02, 0x00, 0x00, 0x66, 0x69, 0x65, 0x6c,
    0x64, 0x31, 0x33, 0x00, 0xff, 0xff, 0xff, 0xff, 0x00, 0x00, 0x00, 0x00, 0x28, 0x00, 0x00, 0x00,
    0x00, 0x00, 0x00, 0x00, 0x00, 0x00, 0x00, 0x00, 0x00, 0x00, 0x00, 0x00, 0x00, 0x00, 0x00, 0x00,
    0x40, 0x02, 0x00, 0x00, 0x66, 0x69, 0x65, 0x6c, 0x64, 0x31, 0x34, 0x00, 0xff, 0xff, 0xff, 0xff,
    0x00, 0x00, 0x00, 0x00, 0x2c, 0x00, 0x00, 0x00, 0x00, 0x00, 0x00, 0x00, 0x00, 0x00, 0x00, 0x00,
    0x00, 0x00, 0x00, 0x00, 0x00, 0x00, 0x00, 0x00, 0x40, 0x02, 0x00, 0x00, 0x66, 0x69, 0x65, 0x6c,
    0x64, 0x31, 0x35, 0x00, 0xff, 0xff, 0xff, 0xff, 0x00, 0x00, 0x00, 0x00, 0x30, 0x00, 0x00, 0x00,
    0x00, 0x00, 0x00, 0x00, 0x00, 0x00, 0x00, 0x00, 0x00, 0x00, 0x00, 0x00, 0x00, 0x00, 0x00, 0x00,
    0x40, 0x02, 0x00, 0x00, 0x66, 0x69, 0x65, 0x6c, 0x64, 0x31, 0x36, 0x00, 0xff, 0xff, 0xff, 0xff,
    0x00, 0x00, 0x00, 0x00, 0x34, 0x00, 0x00, 0x00, 0x00, 0x00, 0x00, 0x00, 0x00, 0x00, 0x00, 0x00,
    0x00, 0x00, 0x00, 0x00, 0x00, 0x00, 0x00, 0x00, 0x40, 0x02, 0x00, 0x00, 0x66, 0x69, 0x65, 0x6c,
    0x64, 0x31, 0x37, 0x00, 0xff, 0xff, 0xff, 0xff, 0x00, 0x00, 0x00, 0x00, 0x38, 0x00, 0x00, 0x00,
    0x00, 0x00, 0x00, 0x00, 0x00, 0x00, 0x00, 0x00, 0x00, 0x00, 0x00, 0x00, 0x00, 0x00, 0x00, 0x00,
    0x40, 0x02, 0x00, 0x00, 0x66, 0x69, 0x65, 0x6c, 0x64, 0x31, 0x38, 0x00, 0xff, 0xff, 0xff, 0xff,
    0x00, 0x00, 0x00, 0x00, 0x3c, 0x00, 0x00, 0x00, 0x00, 0x00, 0x00, 0x00, 0x00, 0x00, 0x00, 0x00,
    0x00, 0x00, 0x00, 0x00, 0x00, 0x00, 0x00, 0x00, 0x40, 0x02, 0x00, 0x00, 0x66, 0x69, 0x65, 0x6c,
    0x64, 0x31, 0x39, 0x00, 0xff, 0xff, 0xff, 0xff, 0x00, 0x00, 0x00, 0x00, 0x40, 0x00, 0x00, 0x00,
    0x00, 0x00, 0x00, 0x00, 0x00, 0x00, 0x00, 0x00, 0x00, 0x00, 0x00, 0x00, 0x00, 0x00, 0x00, 0x00,
    0x40, 0x02, 0x00, 0x00, 0x66, 0x69, 0x65, 0x6c, 0x64, 0x32, 0x30, 0x00, 0xff, 0xff, 0xff, 0xff,
    0x00, 0x00, 0x00, 0x00, 0x44, 0x00, 0x00, 0x00, 0x00, 0x00, 0x00, 0x00, 0x00, 0x00, 0x00, 0x00,
    0x00, 0x00, 0x00, 0x00, 0x00, 0x00, 0x00, 0x00, 0x76, 0x00, 0x00, 0x00, 0x00, 0x00, 0x4c, 0x00,
    0x01, 0x00, 0x00, 0x00, 0x00, 0x00, 0x00, 0x00, 0x00, 0x00, 0x00, 0x00, 0x4c, 0x00, 0x00, 0x00,
    0x14, 0x15, 0x00, 0xf2, 0x14, 0x15, 0x01, 0x92, 0x14, 0x15, 0x02, 0x92, 0x14, 0x15, 0x03, 0x92,
    0x14, 0x15, 0x04, 0xe2, 0x14, 0x15, 0x05, 0xe2, 0x14, 0x15, 0x06, 0xe2, 0x14, 0x15, 0x07, 0xe2,
    0x14, 0x15, 0x08, 0xe2, 0x14, 0x15, 0x09, 0xe2, 0x14, 0x15, 0x0a, 0xe2, 0x14, 0x15, 0x0b, 0xe2,
    0x05, 0x16, 0x01, 0x00, 0x05, 0x17, 0x01, 0x00, 0x05, 0x37, 0x00, 0x00, 0x00, 0x40, 0x22, 0xf2,
    0x7b, 0x00, 0x00, 0x00, 0x00, 0xa0, 0x33, 0xf2, 0x89, 0x00, 0x86, 0x00, 0x00, 0xd0, 0x39, 0xe2,
    0x8a, 0x00, 0x00, 0x00, 0x00, 0xe0, 0x39, 0xe2, 0x8a, 0x00, 0x00, 0x00, 0x05, 0x37, 0x01, 0x00,
    0x05, 0x16, 0x01, 0x01, 0x00, 0x70, 0x33, 0xe2, 0x8e, 0x00, 0x8b, 0x00, 0x00, 0x00, 0x35, 0xf2,
    0x8f, 0x00, 0x8c, 0x00, 0x00, 0x40, 0x22, 0xf2, 0x7d, 0x00, 0x00, 0x00, 0x05, 0xb6, 0x01, 0x00,
    0x00, 0xa0, 0x33, 0xf2, 0x91, 0x00, 0x92, 0x00, 0x00, 0x70, 0x33, 0xf2, 0x90, 0x00, 0x93, 0x00,
    0x05, 0x77, 0x00, 0x00, 0x00, 0xd0, 0x39, 0xe2, 0x94, 0x00, 0x00, 0x00, 0x05, 0x0e, 0x00, 0x7b,
    0x00, 0x70, 0x33, 0xe2, 0x97, 0x00, 0x96, 0x00, 0xf4, 0x64, 0x00, 0x00, 0x60, 0x02, 0x00, 0x00,
    0xe8, 0x01, 0x00, 0x00, 0x01, 0x00, 0x04, 0x00, 0x00, 0x40, 0x22, 0xf2, 0x7c, 0x00, 0x00, 0x00,
    0x00, 0xa0, 0x33, 0xf2, 0x99, 0x00, 0x86, 0x00, 0x00, 0x00, 0x37, 0xe2, 0x9a, 0x00, 0x00, 0x00,
    0x05, 0x56, 0x00, 0x00, 0x00, 0xa0, 0x33, 0xf2, 0x88, 0x00, 0x9c, 0x00, 0x00, 0xa0, 0x30, 0xf2,
    0x7a, 0x00, 0x9d, 0x00, 0xf4, 0x64, 0x00, 0x00, 0x6c, 0x02, 0x00, 0x00, 0x78, 0x02, 0x00, 0x00,
    0x01, 0x00, 0x04, 0x00, 0x05, 0x57, 0x00, 0x00, 0x05, 0x56, 0x00, 0x00, 0x00, 0xa0, 0x33, 0xf2,
    0x9f, 0x00, 0xa0, 0x00, 0x00, 0xa0, 0x30, 0xf2, 0x7a, 0x00, 0xa1, 0x00, 0xf4, 0x64, 0x00, 0x00,
    0xf8, 0x01, 0x00, 0x00, 0x88, 0x02, 0x00, 0x00, 0x01, 0x00, 0x04, 0x00, 0x05, 0x56, 0x00, 0x00,
    0x00, 0xa0, 0x33, 0xf2, 0x95, 0x00, 0xa3, 0x00, 0x00, 0xa0, 0x30, 0xf2, 0x7a, 0x00, 0xa4, 0x00,
    0xf4, 0x64, 0x00, 0x00, 0xfc, 0x01, 0x00, 0x00, 0x94, 0x02, 0x00, 0x00, 0x01, 0x00, 0x04, 0x00,
    0x05, 0x97, 0x00, 0x00, 0x05, 0x56, 0x00, 0x00, 0x00, 0xa0, 0x33, 0xf2, 0xa6, 0x00, 0xa7, 0x00,
    0x00, 0xa0, 0x30, 0xf2, 0x7a, 0x00, 0xa8, 0x00, 0xf4, 0x64, 0x00, 0x00, 0x00, 0x02, 0x00, 0x00,
    0xa4, 0x02, 0x00, 0x00, 0x01, 0x00, 0x04, 0x00, 0x05, 0xb7, 0x00, 0x00, 0x05, 0x56, 0x00, 0x00,
    0x00, 0xa0, 0x33, 0xf2, 0xaa, 0x00, 0xab, 0x00, 0x00, 0xa0, 0x30, 0xf2, 0x7a, 0x00, 0xac, 0x00,
    0xf4, 0x64, 0x00, 0x00, 0x04, 0x02, 0x00, 0x00, 0xb4, 0x02, 0x00, 0x00, 0x01, 0x00, 0x04, 0x00,
    0x05, 0xd7, 0x00, 0x00, 0x05, 0x56, 0x00, 0x00, 0x00, 0xa0, 0x33, 0xf2, 0xae, 0x00, 0xaf, 0x00,
    0x00, 0xa0, 0x30, 0xf2, 0x7a, 0x00, 0xb0, 0x00, 0xf4, 0x64, 0x00, 0x00, 0x08, 0x02, 0x00, 0x00,
    0xc4, 0x02, 0x00, 0x00, 0x01, 0x00, 0x04, 0x00, 0x05, 0xf7, 0x00, 0x00, 0x05, 0x56, 0x00, 0x00,
    0x00, 0xa0, 0x33, 0xf2, 0xb2, 0x00, 0xb3, 0x00, 0x00, 0xa0, 0x30, 0xf2, 0x7a, 0x00, 0xb4, 0x00,
    0xf4, 0x64, 0x00, 0x00, 0x0c, 0x02, 0x00, 0x00, 0xd4, 0x02, 0x00, 0x00, 0x01, 0x00, 0x04, 0x00,
    0x05, 0x56, 0x00, 0x00, 0x00, 0xa0, 0x33, 0xf2, 0x87, 0x00, 0xb6, 0x00, 0x00, 0xa0, 0x30, 0xf2,
    0x7a, 0x00, 0xb7, 0x00, 0xf4, 0x64, 0x00, 0x00, 0x10, 0x02, 0x00, 0x00, 0xe0, 0x02, 0x00, 0x00,
    0x01, 0x00, 0x04, 0x00, 0x05, 0x56, 0x00, 0x00, 0x00, 0xa0, 0x33, 0xf2, 0x8d, 0x00, 0xb9, 0x00,
    0x00, 0xa0, 0x30, 0xf2, 0x7a, 0x00, 0xba, 0x00, 0xf4, 0x64, 0x00, 0x00, 0x14, 0x02, 0x00, 0x00,
    0xec, 0x02, 0x00, 0x00, 0x01, 0x00, 0x04, 0x00, 0x01, 0x00, 0x00, 0x00, 0x01, 0x00, 0x00, 0x00,
    0x01, 0x00, 0x00, 0x00, 0x11, 0x08, 0x00, 0x40, 0x73, 0x74, 0x72, 0x75, 0x63, 0x74, 0x2e, 0x47,
    0x46, 0x58, 0x32, 0x30, 0x5f, 0x4d, 0x49, 0x5f, 0x42, 0x41, 0x54, 0x43, 0x48, 0x5f, 0x42, 0x55,
    0x46, 0x46, 0x45, 0x52, 0x5f, 0x53, 0x54, 0x41, 0x52, 0x54, 0x00, 0x00, 0x40, 0x02, 0x00, 0x00,
    0x66, 0x69, 0x65, 0x6c, 0x64, 0x30, 0x00, 0x00, 0xff, 0xff, 0xff, 0xff, 0x00, 0x00, 0x00, 0x00,
    0x00, 0x00, 0x00, 0x00, 0x00, 0x00, 0x00, 0x00, 0x00, 0x00, 0x00, 0x00, 0x00, 0x00, 0x00, 0x00,
    0x00, 0x00, 0x00, 0x00, 0x40, 0x02, 0x00, 0x00, 0x66, 0x69, 0x65, 0x6c, 0x64, 0x31, 0x00, 0x00,
    0xff, 0xff, 0xff, 0xff, 0x00, 0x00, 0x00, 0x00, 0x04, 0x00, 0x00, 0x00, 0x00, 0x00, 0x00, 0x00,
    0x00, 0x00, 0x00, 0x00, 0x00, 0x00, 0x00, 0x00, 0x00, 0x00, 0x00, 0x00, 0x45, 0x02, 0x00, 0x00,
    0x66, 0x69, 0x65, 0x6c, 0x64, 0x32, 0x00, 0x00, 0xff, 0xff, 0xff, 0xff, 0x00, 0x00, 0x00, 0x00,
    0x08, 0x00, 0x00, 0x00, 0x00, 0x00, 0x00, 0x00, 0x00, 0x00, 0x00, 0x00, 0x00, 0x00, 0x00, 0x00,
    0x00, 0x00, 0x00, 0x00, 0x45, 0x02, 0x00, 0x00, 0x66, 0x69, 0x65, 0x6c, 0x64, 0x33, 0x00, 0x00,
    0xff, 0xff, 0xff, 0xff, 0x00, 0x00, 0x00, 0x00, 0x09, 0x00, 0x00, 0x00, 0x00, 0x00, 0x00, 0x00,
    0x00, 0x00, 0x00, 0x00, 0x00, 0x00, 0x00, 0x00, 0x00, 0x00, 0x00, 0x00, 0x40, 0x02, 0x00, 0x00,
    0x66, 0x69, 0x65, 0x6c, 0x64, 0x34, 0x00, 0x00, 0xff, 0xff, 0xff, 0xff, 0x00, 0x00, 0x00, 0x00,
    0x0c, 0x00, 0x00, 0x00, 0x00, 0x00, 0x00, 0x00, 0x00, 0x00, 0x00, 0x00, 0x00, 0x00, 0x00, 0x00,
    0x00, 0x00, 0x00, 0x00, 0x40, 0x02, 0x00, 0x00, 0x66, 0x69, 0x65, 0x6c, 0x64, 0x35, 0x00, 0x00,
    0xff, 0xff, 0xff, 0xff, 0x00, 0x00, 0x00, 0x00, 0x10, 0x00, 0x00, 0x00, 0x00, 0x00, 0x00, 0x00,
    0x00, 0x00, 0x00, 0x00, 0x00, 0x00, 0x00, 0x00, 0x00, 0x00, 0x00, 0x00, 0x40, 0x02, 0x00, 0x00,
    0x66, 0x69, 0x65, 0x6c, 0x64, 0x36, 0x00, 0x00, 0xff, 0xff, 0xff, 0xff, 0x00, 0x00, 0x00, 0x00,
    0x14, 0x00, 0x00, 0x00, 0x00, 0x00, 0x00, 0x00, 0x00, 0x00, 0x00, 0x00, 0x00, 0x00, 0x00, 0x00,
    0x00, 0x00, 0x00, 0x00, 0x49, 0x02, 0x00, 0x00, 0x66, 0x69, 0x65, 0x6c, 0x64, 0x37, 0x00, 0x00,
    0xff, 0xff, 0xff, 0xff, 0x00, 0x00, 0x00, 0x00, 0x18, 0x00, 0x00, 0x00, 0x00, 0x00, 0x00, 0x00,
    0x00, 0x00, 0x00, 0x00, 0x00, 0x00, 0x00, 0x00, 0x00, 0x00, 0x00, 0x00, 0x76, 0x00, 0x00, 0x80,
    0x00, 0x00, 0x00, 0x00, 0x00, 0x00, 0x00, 0x00, 0x00, 0x00, 0x00, 0x00, 0x00, 0x00, 0x00, 0x00,
    0x00, 0x00, 0x00, 0x00, 0x00, 0x00, 0x00, 0x00, 0x00, 0x00, 0xff, 0xff, 0xff, 0xff, 0x08, 0x00,
    0x00, 0x00, 0xd8, 0x00, 0x00, 0x00, 0x00, 0x00, 0x00, 0x00, 0x00, 0x00, 0x00, 0x00, 0x00, 0x00,
    0x00, 0x00, 0x00, 0x00, 0x00, 0x00, 0x00, 0x00, 0x01, 0x00, 0x00, 0x00, 0x00, 0x00, 0x00, 0x00,
    0x00, 0x00, 0x00, 0x00, 0x10, 0x00, 0x00, 0x00, 0x14, 0x15, 0x00, 0xf2, 0x14, 0x15, 0x01, 0xf2,
    0x05, 0x37, 0x00, 0x00, 0x05, 0x06, 0x00, 0x00, 0x01, 0x01, 0x80, 0x18, 0xf4, 0x64, 0x00, 0x00,
    0x04, 0x03, 0x00, 0x00, 0xf8, 0x02, 0x00, 0x00, 0x01, 0x00, 0x04, 0x00, 0x00, 0x00, 0x37, 0xe2,
    0xbf, 0x00, 0x00, 0x00, 0x05, 0x56, 0x00, 0x00, 0x00, 0xa0, 0x33, 0xf2, 0xc0, 0x00, 0xc3, 0x00,
    0x00, 0xa0, 0x30, 0xf2, 0xbe, 0x00, 0xc4, 0x00, 0xf4, 0x64, 0x00, 0x00, 0x08, 0x03, 0x00, 0x00,
    0x14, 0x03, 0x00, 0x00, 0x01, 0x00, 0x04, 0x00, 0x00, 0xe0, 0x39, 0xe2, 0xbf, 0x00, 0x00, 0x00,
    0x05, 0x57, 0x00, 0x00, 0x05, 0x56, 0x00, 0x00, 0x00, 0xa0, 0x33, 0xf2, 0xc7, 0x00, 0xc8, 0x00,
    0x00, 0xa0, 0x30, 0xf2, 0xbe, 0x00, 0xc9, 0x00, 0xf4, 0x64, 0x00, 0x00, 0x18, 0x03, 0x00, 0x00,
    0x28, 0x03, 0x00, 0x00, 0x01, 0x00, 0x04, 0x00, 0x01, 0x00, 0x00, 0x00, 0x02, 0x00, 0x00, 0x00,
    0x01, 0x00, 0x00, 0x00, 0x11, 0x15, 0x00, 0x30, 0x73, 0x74, 0x72, 0x75, 0x63, 0x74, 0x2e, 0x47,
    0x46, 0x58, 0x32, 0x30, 0x5f, 0x33, 0x44, 0x50, 0x52, 0x49, 0x4d, 0x49, 0x54, 0x49, 0x56, 0x45,
    0x5f, 0x45, 0x58, 0x54, 0x45, 0x4e, 0x44, 0x45, 0x44, 0x00, 0x00, 0x00, 0x40, 0x02, 0x00, 0x00,
    0x66, 0x69, 0x65, 0x6c, 0x64, 0x30, 0x00, 0x00, 0xff, 0xff, 0xff, 0xff, 0x00, 0x00, 0x00, 0x00,
    0x00, 0x00, 0x00, 0x00, 0x00, 0x00, 0x00, 0x00, 0x00, 0x00, 0x00, 0x00, 0x00, 0x00, 0x00, 0x00,
    0x00, 0x00, 0x00, 0x00, 0x45, 0x02, 0x00, 0x00, 0x66, 0x69, 0x65, 0x6c, 0x64, 0x31, 0x00, 0x00,
    0xff, 0xff, 0xff, 0xff, 0x00, 0x00, 0x00, 0x00, 0x04, 0x00, 0x00, 0x00, 0x00, 0x00, 0x00, 0x00,
    0x00, 0x00, 0x00, 0x00, 0x00, 0x00, 0x00, 0x00, 0x00, 0x00, 0x00, 0x00, 0x45, 0x02, 0x00, 0x00,
    0x66, 0x69, 0x65, 0x6c, 0x64, 0x32, 0x00, 0x00, 0xff, 0xff, 0xff, 0xff, 0x00, 0x00, 0x00, 0x00,
    0x05, 0x00, 0x00, 0x00, 0x00, 0x00, 0x00, 0x00, 0x00, 0x00, 0x00, 0x00, 0x00, 0x00, 0x00, 0x00,
    0x00, 0x00, 0x00, 0x00, 0x45, 0x02, 0x00, 0x00, 0x66, 0x69, 0x65, 0x6c, 0x64, 0x33, 0x00, 0x00,
    0xff, 0xff, 0xff, 0xff, 0x00, 0x00, 0x00, 0x00, 0x06, 0x00, 0x00, 0x00, 0x00, 0x00, 0x00, 0x00,
    0x00, 0x00, 0x00, 0x00, 0x00, 0x00, 0x00, 0x00, 0x00, 0x00, 0x00, 0x00, 0x45, 0x02, 0x00, 0x00,
    0x66, 0x69, 0x65, 0x6c, 0x64, 0x34, 0x00, 0x00, 0xff, 0xff, 0xff, 0xff, 0x00, 0x00, 0x00, 0x00,
    0x07, 0x00, 0x00, 0x00, 0x00, 0x00, 0x00, 0x00, 0x00, 0x00, 0x00, 0x00, 0x00, 0x00, 0x00, 0x00,
    0x00, 0x00, 0x00, 0x00, 0x40, 0x02, 0x00, 0x00, 0x66, 0x69, 0x65, 0x6c, 0x64, 0x35, 0x00, 0x00,
    0xff, 0xff, 0xff, 0xff, 0x00, 0x00, 0x00, 0x00, 0x08, 0x00, 0x00, 0x00, 0x00, 0x00, 0x00, 0x00,
    0x00, 0x00, 0x00, 0x00, 0x00, 0x00, 0x00, 0x00, 0x00, 0x00, 0x00, 0x00, 0x40, 0x02, 0x00, 0x00,
    0x66, 0x69, 0x65, 0x6c, 0x64, 0x36, 0x00, 0x00, 0xff, 0xff, 0xff, 0xff, 0x00, 0x00, 0x00, 0x00,
    0x0c, 0x00, 0x00, 0x00, 0x00, 0x00, 0x00, 0x00, 0x00, 0x00, 0x00, 0x00, 0x00, 0x00, 0x00, 0x00,
    0x00, 0x00, 0x00, 0x00, 0x40, 0x02, 0x00, 0x00, 0x66, 0x69, 0x65, 0x6c, 0x64, 0x37, 0x00, 0x00,
    0xff, 0xff, 0xff, 0xff, 0x00, 0x00, 0x00, 0x00, 0x10, 0x00, 0x00, 0x00, 0x00, 0x00, 0x00, 0x00,
    0x00, 0x00, 0x00, 0x00, 0x00, 0x00, 0x00, 0x00, 0x00, 0x00, 0x00, 0x00, 0x40, 0x02, 0x00, 0x00,
    0x66, 0x69, 0x65, 0x6c, 0x64, 0x38, 0x00, 0x00, 0xff, 0xff, 0xff, 0xff, 0x00, 0x00, 0x00, 0x00,
    0x14, 0x00, 0x00, 0x00, 0x00, 0x00, 0x00, 0x00, 0x00, 0x00, 0x00, 0x00, 0x00, 0x00, 0x00, 0x00,
    0x00, 0x00, 0x00, 0x00, 0x40, 0x02, 0x00, 0x00, 0x66, 0x69, 0x65, 0x6c, 0x64, 0x39, 0x00, 0x00,
    0xff, 0xff, 0xff, 0xff, 0x00, 0x00, 0x00, 0x00, 0x18, 0x00, 0x00, 0x00, 0x00, 0x00, 0x00, 0x00,
    0x00, 0x00, 0x00, 0x00, 0x00, 0x00, 0x00, 0x00, 0x00, 0x00, 0x00, 0x00, 0x40, 0x02, 0x00, 0x00,
    0x66, 0x69, 0x65, 0x6c, 0x64, 0x31, 0x30, 0x00, 0xff, 0xff, 0xff, 0xff, 0x00, 0x00, 0x00, 0x00,
    0x1c, 0x00, 0x00, 0x00, 0x00, 0x00, 0x00, 0x00, 0x00, 0x00, 0x00, 0x00, 0x00, 0x00, 0x00, 0x00,
    0x00, 0x00, 0x00, 0x00, 0x40, 0x02, 0x00, 0x00, 0x66, 0x69, 0x65, 0x6c, 0x64, 0x31, 0x31, 0x00,
    0xff, 0xff, 0xff, 0xff, 0x00, 0x00, 0x00, 0x00, 0x20, 0x00, 0x00, 0x00, 0x00, 0x00, 0x00, 0x00,
    0x00, 0x00, 0x00, 0x00, 0x00, 0x00, 0x00, 0x00, 0x00, 0x00, 0x00, 0x00, 0x45, 0x02, 0x00, 0x00,
    0x66, 0x69, 0x65, 0x6c, 0x64, 0x31, 0x32, 0x00, 0xff, 0xff, 0xff, 0xff, 0x00, 0x00, 0x00, 0x00,
    0x24, 0x00, 0x00, 0x00, 0x00, 0x00, 0x00, 0x00, 0x00, 0x00, 0x00, 0x00, 0x00, 0x00, 0x00, 0x00,
    0x00, 0x00, 0x00, 0x00, 0x40, 0x02, 0x00, 0x00, 0x66, 0x69, 0x65, 0x6c, 0x64, 0x31, 0x33, 0x00,
    0xff, 0xff, 0xff, 0xff, 0x00, 0x00, 0x00, 0x00, 0x28, 0x00, 0x00, 0x00, 0x00, 0x00, 0x00, 0x00,
    0x00, 0x00, 0x00, 0x00, 0x00, 0x00, 0x00, 0x00, 0x00, 0x00, 0x00, 0x00, 0x40, 0x02, 0x00, 0x00,
    0x66, 0x69, 0x65, 0x6c, 0x64, 0x31, 0x34, 0x00, 0xff, 0xff, 0xff, 0xff, 0x00, 0x00, 0x00, 0x00,
    0x2c, 0x00, 0x00, 0x00, 0x00, 0x00, 0x00, 0x00, 0x00, 0x00, 0x00, 0x00, 0x00, 0x00, 0x00, 0x00,
    0x00, 0x00, 0x00, 0x00, 0x40, 0x02, 0x00, 0x00, 0x66, 0x69, 0x65, 0x6c, 0x64, 0x31, 0x35, 0x00,
    0xff, 0xff, 0xff, 0xff, 0x00, 0x00, 0x00, 0x00, 0x30, 0x00, 0x00, 0x00, 0x00, 0x00, 0x00, 0x00,
    0x00, 0x00, 0x00, 0x00, 0x00, 0x00, 0x00, 0x00, 0x00, 0x00, 0x00, 0x00, 0x40, 0x02, 0x00, 0x00,
    0x66, 0x69, 0x65, 0x6c, 0x64, 0x31, 0x36, 0x00, 0xff, 0xff, 0xff, 0xff, 0x00, 0x00, 0x00, 0x00,
    0x34, 0x00, 0x00, 0x00, 0x00, 0x00, 0x00, 0x00, 0x00, 0x00, 0x00, 0x00, 0x00, 0x00, 0x00, 0x00,
    0x00, 0x00, 0x00, 0x00, 0x40, 0x02, 0x00, 0x00, 0x66, 0x69, 0x65, 0x6c, 0x64, 0x31, 0x37, 0x00,
    0xff, 0xff, 0xff, 0xff, 0x00, 0x00, 0x00, 0x00, 0x38, 0x00, 0x00, 0x00, 0x00, 0x00, 0x00, 0x00,
    0x00, 0x00, 0x00, 0x00, 0x00, 0x00, 0x00, 0x00, 0x00, 0x00, 0x00, 0x00, 0x40, 0x02, 0x00, 0x00,
    0x66, 0x69, 0x65, 0x6c, 0x64, 0x31, 0x38, 0x00, 0xff, 0xff, 0xff, 0xff, 0x00, 0x00, 0x00, 0x00,
    0x3c, 0x00, 0x00, 0x00, 0x00, 0x00, 0x00, 0x00, 0x00, 0x00, 0x00, 0x00, 0x00, 0x00, 0x00, 0x00,
    0x00, 0x00, 0x00, 0x00, 0x40, 0x02, 0x00, 0x00, 0x66, 0x69, 0x65, 0x6c, 0x64, 0x31, 0x39, 0x00,
    0xff, 0xff, 0xff, 0xff, 0x00, 0x00, 0x00, 0x00, 0x40, 0x00, 0x00, 0x00, 0x00, 0x00, 0x00, 0x00,
    0x00, 0x00, 0x00, 0x00, 0x00, 0x00, 0x00, 0x00, 0x00, 0x00, 0x00, 0x00, 0x40, 0x02, 0x00, 0x00,
    0x66, 0x69, 0x65, 0x6c, 0x64, 0x32, 0x30, 0x00, 0xff, 0xff, 0xff, 0xff, 0x00, 0x00, 0x00, 0x00,
    0x44, 0x00, 0x00, 0x00, 0x00, 0x00, 0x00, 0x00, 0x00, 0x00, 0x00, 0x00, 0x00, 0x00, 0x00, 0x00,
    0x00, 0x00, 0x00, 0x00, 0x76, 0x00, 0x00, 0x80, 0x00, 0x00, 0x00, 0x00, 0x00, 0x00, 0x00, 0x00,
    0x00, 0x00, 0x00, 0x00, 0x00, 0x00, 0x00, 0x00, 0x00, 0x00, 0x00, 0x00, 0x00, 0x00, 0x00, 0x00,
    0x00, 0x00, 0xff, 0xff, 0xff, 0xff, 0x04, 0x00, 0x00, 0x00, 0xf8, 0x00, 0x00, 0x00, 0x00, 0x00,
    0x00, 0x00, 0x00, 0x00, 0x00, 0x00, 0x00, 0x00, 0x00, 0x00, 0x00, 0x00, 0x00, 0x00, 0x00, 0x00,
    0x01, 0x28, 0x00, 0x00, 0x76, 0x00, 0x00, 0x00, 0x00, 0x00, 0x48, 0x00, 0x03, 0x00, 0x00, 0x00,
    0x00, 0x00, 0x00, 0x00, 0x00, 0x00, 0x00, 0x00, 0x08, 0x00, 0x00, 0x00, 0x14, 0x15, 0x00, 0xf2,
    0x14, 0x15, 0x01, 0xf2, 0x14, 0x15, 0x03, 0xe2, 0x14, 0x15, 0x04, 0xe2, 0x14, 0x15, 0x05, 0x92,
    0x14, 0x15, 0x06, 0x92, 0x14, 0x15, 0x07, 0x92, 0x00, 0x30, 0x33, 0x92, 0xd2, 0x00, 0x00, 0x00,
    0x01, 0x00, 0x00, 0x00, 0x54, 0x03, 0x00, 0x00, 0x00, 0x00, 0x00, 0x00, 0x01, 0x00, 0x00, 0x00,
    0x00, 0x00, 0x00, 0x00, 0x00, 0x00, 0x00, 0x00, 0x4c, 0x00, 0x00, 0x00, 0x64, 0x51, 0x00, 0xe2,
    0x3c, 0x03, 0x00, 0x00, 0x00, 0x04, 0x00, 0x00, 0x05, 0x97, 0x00, 0x00, 0x00, 0xa0, 0x30, 0xf2,
    0xcf, 0x00, 0xd8, 0x00, 0x64, 0x51, 0x00, 0xe2, 0x64, 0x03, 0x00, 0x00, 0x00, 0x04, 0x00, 0x00,
    0x05, 0x17, 0x01, 0x00, 0x00, 0xa0, 0x30, 0xf2, 0xcf, 0x00, 0xdb, 0x00, 0x64, 0x51, 0x00, 0xe2,
    0x70, 0x03, 0x00, 0x00, 0x00, 0x04, 0x00, 0x00, 0x05, 0x97, 0x01, 0x00, 0x00, 0xa0, 0x30, 0xf2,
    0xcf, 0x00, 0xde, 0x00, 0x64, 0x51, 0x00, 0xe2, 0x7c, 0x03, 0x00, 0x00, 0x00, 0x04, 0x00, 0x00,
    0x00, 0x80, 0x32, 0xe2, 0xda, 0x00, 0xd1, 0x00, 0x05, 0x0e, 0x00, 0x00, 0x05, 0x16, 0x01, 0x00,
    0x05, 0x17, 0x01, 0x00, 0x05, 0x37, 0x00, 0x00, 0x00, 0x40, 0x22, 0xf2, 0xd3, 0x00, 0x00, 0x00,
    0x00, 0xa0, 0x33, 0xf2, 0xe6, 0x00, 0xe3, 0x00, 0x00, 0xd0, 0x39, 0xe2, 0xe7, 0x00, 0x00, 0x00,
    0x00, 0xe0, 0x39, 0xe2, 0xe7, 0x00, 0x00, 0x00, 0x05, 0x37, 0x01, 0x00, 0x05, 0x16, 0x01, 0x01,
    0x00, 0x70, 0x33, 0xe2, 0xeb, 0x00, 0xe8, 0x00, 0x00, 0x00, 0x35, 0xf2, 0xec, 0x00, 0xe9, 0x00,
    0x00, 0x40, 0x22, 0xf2, 0xd4, 0x00, 0x00, 0x00, 0x05, 0xb6, 0x01, 0x00, 0x00, 0xa0, 0x33, 0xf2,
    0xee, 0x00, 0xef, 0x00, 0x00, 0x70, 0x33, 0xf2, 0xed, 0x00, 0xf0, 0x00, 0x05, 0x77, 0x00, 0x00,
    0x00, 0xd0, 0x39, 0xe2, 0xf1, 0x00, 0x00, 0x00, 0x05, 0x0e, 0x00, 0x7b, 0x00, 0x70, 0x33, 0xe2,
    0xf4, 0x00, 0xf3, 0x00, 0xf4, 0x64, 0x00, 0x00, 0xd4, 0x03, 0x00, 0x00, 0x38, 0x03, 0x00, 0x00,
    0x01, 0x00, 0x04, 0x00, 0x00, 0x40, 0x22, 0xf2, 0xd2, 0x00, 0x00, 0x00, 0x00, 0xa0, 0x33, 0xf2,
    0xf6, 0x00, 0xe3, 0x00, 0x00, 0x00, 0x37, 0xe2, 0xf7, 0x00, 0x00, 0x00, 0x05, 0x56, 0x00, 0x00,
    0x00, 0xa0, 0x33, 0xf2, 0xe5, 0x00, 0xf9, 0x00, 0x00, 0xa0, 0x30, 0xf2, 0xce, 0x00, 0xfa, 0x00,
    0xf4, 0x64, 0x00, 0x00, 0xe0, 0x03, 0x00, 0x00, 0xec, 0x03, 0x00, 0x00, 0x01, 0x00, 0x04, 0x00,
    0x05, 0x57, 0x00, 0x00, 0x05, 0x56, 0x00, 0x00, 0x00, 0xa0, 0x33, 0xf2, 0xfc, 0x00, 0xfd, 0x00,
    0x00, 0xa0, 0x30, 0xf2, 0xce, 0x00, 0xfe, 0x00, 0xf4, 0x64, 0x00, 0x00, 0x5c, 0x03, 0x00, 0x00,
    0xfc, 0x03, 0x00, 0x00, 0x01, 0x00, 0x04, 0x00, 0x05, 0x56, 0x00, 0x00, 0x00, 0xa0, 0x33, 0xf2,
    0xf2, 0x00, 0x00, 0x01, 0x00, 0xa0, 0x30, 0xf2, 0xce, 0x00, 0x01, 0x01, 0xf4, 0x64, 0x00, 0x00,
    0x74, 0x03, 0x00, 0x00, 0x08, 0x04, 0x00, 0x00, 0x01, 0x00, 0x04, 0x00, 0x05, 0x97, 0x00, 0x00,
    0x05, 0x56, 0x00, 0x00, 0x00, 0xa0, 0x33, 0xf2, 0x03, 0x01, 0x04, 0x01, 0x00, 0xa0, 0x30, 0xf2,
    0xce, 0x00, 0x05, 0x01, 0xf4, 0x64, 0x00, 0x00, 0x84, 0x03, 0x00, 0x00, 0x18, 0x04, 0x00, 0x00,
    0x01, 0x00, 0x04, 0x00, 0x05, 0xb7, 0x00, 0x00, 0x05, 0x56, 0x00, 0x00, 0x00, 0xa0, 0x33, 0xf2,
    0x07, 0x01, 0x08, 0x01, 0x00, 0xa0, 0x30, 0xf2, 0xce, 0x00, 0x09, 0x01, 0xf4, 0x64, 0x00, 0x00,
    0x80, 0x03, 0x00, 0x00, 0x28, 0x04, 0x00, 0x00, 0x01, 0x00, 0x04, 0x00, 0x05, 0xd7, 0x00, 0x00,
    0x05, 0x56, 0x00, 0x00, 0x00, 0xa0, 0x33, 0xf2, 0x0b, 0x01, 0x0c, 0x01, 0x00, 0xa0, 0x30, 0xf2,
    0xce, 0x00, 0x0d, 0x01, 0xf4, 0x64, 0x00, 0x00, 0x88, 0x03, 0x00, 0x00, 0x38, 0x04, 0x00, 0x00,
    0x01, 0x00, 0x04, 0x00, 0x05, 0xf7, 0x00, 0x00, 0x05, 0x56, 0x00, 0x00, 0x00, 0xa0, 0x33, 0xf2,
    0x0f, 0x01, 0x10, 0x01, 0x00, 0xa0, 0x30, 0xf2, 0xce, 0x00, 0x11, 0x01, 0xf4, 0x64, 0x00, 0x00,
    0x74, 0x03, 0x00, 0x00, 0x48, 0x04, 0x00, 0x00, 0x01, 0x00, 0x04, 0x00, 0x05, 0x56, 0x00, 0x00,
    0x00, 0xa0, 0x33, 0xf2, 0xe4, 0x00, 0x13, 0x01, 0x00, 0xa0, 0x30, 0xf2, 0xce, 0x00, 0x14, 0x01,
    0xf4, 0x64, 0x00, 0x00, 0x80, 0x03, 0x00, 0x00, 0x54, 0x04, 0x00, 0x00, 0x01, 0x00, 0x04, 0x00,
    0x05, 0x56, 0x00, 0x00, 0x00, 0xa0, 0x33, 0xf2, 0xea, 0x00, 0x16, 0x01, 0x00, 0xa0, 0x30, 0xf2,
    0xce, 0x00, 0x17, 0x01, 0xf4, 0x64, 0x00, 0x00, 0x40, 0x03, 0x00, 0x00, 0x60, 0x04, 0x00, 0x00,
    0x01, 0x00, 0x04, 0x00, 0x01, 0x00, 0x00, 0x00, 0x00, 0x00, 0x00, 0x00, 0x00, 0x00, 0x00, 0x00,
    0x4e, 0x00, 0x00, 0x00, 0x64, 0x51, 0x00, 0xe2, 0x3c, 0x03, 0x00, 0x00, 0x00, 0x04, 0x00, 0x00,
    0x05, 0x97, 0x00, 0x00, 0x00, 0xa0, 0x30, 0xf2, 0xcf, 0x00, 0x1b, 0x01, 0x64, 0x51, 0x00, 0xe2,
    0x70, 0x04, 0x00, 0x00, 0x00, 0x04, 0x00, 0x00, 0x05, 0x17, 0x01, 0x00, 0x00, 0xa0, 0x30, 0xf2,
    0xcf, 0x00, 0x1e, 0x01, 0x64, 0x51, 0x00, 0xe2, 0x7c, 0x04, 0x00, 0x00, 0x00, 0x04, 0x00, 0x00,
    0x05, 0x97, 0x01, 0x00, 0x00, 0xa0, 0x30, 0xf2, 0xcf, 0x00, 0x21, 0x01, 0x64, 0x51, 0x00, 0xe2,
    0x88, 0x04, 0x00, 0x00, 0x00, 0x04, 0x00, 0x00, 0x05, 0x17, 0x02, 0x00, 0x00, 0xa0, 0x30, 0xf2,
    0xcf, 0x00, 0x24, 0x01, 0x64, 0x51, 0x00, 0xe2, 0x94, 0x04, 0x00, 0x00, 0x00, 0x04, 0x00, 0x00,
    0x00, 0x80, 0x32, 0xe2, 0x1d, 0x01, 0xd1, 0x00, 0x05, 0x16, 0x01, 0x00, 0x05, 0x17, 0x01, 0x00,
    0x05, 0x37, 0x00, 0x00, 0x00, 0x40, 0x22, 0xf2, 0xd3, 0x00, 0x00, 0x00, 0x00, 0xa0, 0x33, 0xf2,
    0x2b, 0x01, 0x28, 0x01, 0x00, 0xd0, 0x39, 0xe2, 0x2c, 0x01, 0x00, 0x00, 0x00, 0xe0, 0x39, 0xe2,
    0x2c, 0x01, 0x00, 0x00, 0x05, 0x37, 0x01, 0x00, 0x05, 0x16, 0x01, 0x01, 0x00, 0x70, 0x33, 0xe2,
    0x30, 0x01, 0x2d, 0x01, 0x00, 0x00, 0x35, 0xf2, 0x31, 0x01, 0x2e, 0x01, 0x00, 0x40, 0x22, 0xf2,
    0xd4, 0x00, 0x00, 0x00, 0x05, 0xb6, 0x01, 0x00, 0x00, 0xa0, 0x33, 0xf2, 0x33, 0x01, 0x34, 0x01,
    0x00, 0x70, 0x33, 0xf2, 0x32, 0x01, 0x35, 0x01, 0x05, 0x77, 0x00, 0x00, 0x00, 0xd0, 0x39, 0xe2,
    0x36, 0x01, 0x00, 0x00, 0x05, 0x0e, 0x00, 0x7b, 0x00, 0x70, 0x33, 0xe2, 0x39, 0x01, 0x38, 0x01,
    0xf4, 0x64, 0x00, 0x00, 0xe8, 0x04, 0x00, 0x00, 0x38, 0x03, 0x00, 0x00, 0x01, 0x00, 0x04, 0x00,
    0x00, 0x40, 0x22, 0xf2, 0xd2, 0x00, 0x00, 0x00, 0x00, 0xa0, 0x33, 0xf2, 0x3b, 0x01, 0x28, 0x01,
    0x00, 0x00, 0x37, 0xe2, 0x3c, 0x01, 0x00, 0x00, 0x05, 0x56, 0x00, 0x00, 0x00, 0xa0, 0x33, 0xf2,
    0x2a, 0x01, 0x3e, 0x01, 0x00, 0xa0, 0x30, 0xf2, 0xce, 0x00, 0x3f, 0x01, 0xf4, 0x64, 0x00, 0x00,
    0xf4, 0x04, 0x00, 0x00, 0x00, 0x05, 0x00, 0x00, 0x01, 0x00, 0x04, 0x00, 0x05, 0x57, 0x00, 0x00,
    0x05, 0x56, 0x00, 0x00, 0x00, 0xa0, 0x33, 0xf2, 0x41, 0x01, 0x42, 0x01, 0x00, 0xa0, 0x30, 0xf2,
    0xce, 0x00, 0x43, 0x01, 0xf4, 0x64, 0x00, 0x00, 0x68, 0x04, 0x00, 0x00, 0x10, 0x05, 0x00, 0x00,
    0x01, 0x00, 0x04, 0x00, 0x05, 0x56, 0x00, 0x00, 0x00, 0xa0, 0x33, 0xf2, 0x37, 0x01, 0x45, 0x01,
    0x00, 0xa0, 0x30, 0xf2, 0xce, 0x00, 0x46, 0x01, 0xf4, 0x64, 0x00, 0x00, 0x80, 0x04, 0x00, 0x00,
    0x1c, 0x05, 0x00, 0x00, 0x01, 0x00, 0x04, 0x00, 0x05, 0x97, 0x00, 0x00, 0x05, 0x56, 0x00, 0x00,
    0x00, 0xa0, 0x33, 0xf2, 0x48, 0x01, 0x49, 0x01, 0x00, 0xa0, 0x30, 0xf2, 0xce, 0x00, 0x4a, 0x01,
    0xf4, 0x64, 0x00, 0x00, 0x9c, 0x04, 0x00, 0x00, 0x2c, 0x05, 0x00, 0x00, 0x01, 0x00, 0x04, 0x00,
    0x05, 0xb7, 0x00, 0x00, 0x05, 0x56, 0x00, 0x00, 0x00, 0xa0, 0x33, 0xf2, 0x4c, 0x01, 0x4d, 0x01,
    0x00, 0xa0, 0x30, 0xf2, 0xce, 0x00, 0x4e, 0x01, 0xf4, 0x64, 0x00, 0x00, 0x98, 0x04, 0x00, 0x00,
    0x3c, 0x05, 0x00, 0x00, 0x01, 0x00, 0x04, 0x00, 0x05, 0xd7, 0x00, 0x00, 0x05, 0x56, 0x00, 0x00,
    0x00, 0xa0, 0x33, 0xf2, 0x50, 0x01, 0x51, 0x01, 0x00, 0xa0, 0x30, 0xf2, 0xce, 0x00, 0x52, 0x01,
    0xf4, 0x64, 0x00, 0x00, 0x8c, 0x04, 0x00, 0x00, 0x4c, 0x05, 0x00, 0x00, 0x01, 0x00, 0x04, 0x00,
    0x05, 0xf7, 0x00, 0x00, 0x05, 0x56, 0x00, 0x00, 0x00, 0xa0, 0x33, 0xf2, 0x54, 0x01, 0x55, 0x01,
    0x00, 0xa0, 0x30, 0xf2, 0xce, 0x00, 0x56, 0x01, 0xf4, 0x64, 0x00, 0x00, 0x8c, 0x04, 0x00, 0x00,
    0x5c, 0x05, 0x00, 0x00, 0x01, 0x00, 0x04, 0x00, 0x05, 0x56, 0x00, 0x00, 0x00, 0xa0, 0x33, 0xf2,
    0x29, 0x01, 0x58, 0x01, 0x00, 0xa0, 0x30, 0xf2, 0xce, 0x00, 0x59, 0x01, 0xf4, 0x64, 0x00, 0x00,
    0x98, 0x04, 0x00, 0x00, 0x68, 0x05, 0x00, 0x00, 0x01, 0x00, 0x04, 0x00, 0x05, 0x56, 0x00, 0x00,
    0x00, 0xa0, 0x33, 0xf2, 0x2f, 0x01, 0x5b, 0x01, 0x00, 0xa0, 0x30, 0xf2, 0xce, 0x00, 0x5c, 0x01,
    0xf4, 0x64, 0x00, 0x00, 0x40, 0x03, 0x00, 0x00, 0x74, 0x05, 0x00, 0x00, 0x01, 0x00, 0x04, 0x00,
    0x00, 0x00, 0x00, 0x00, 0x00, 0x00, 0x00, 0x00, 0x00, 0x00, 0x00, 0x00, 0x01, 0x00, 0x00, 0x00,
    0x05, 0x00, 0x00, 0x00, 0x01, 0x28, 0x00, 0x00, 0x76, 0x00, 0x00, 0x00, 0x00, 0x00, 0x48, 0x00,
    0x01, 0x28, 0x00, 0x00, 0x76, 0x00, 0x00, 0x00, 0x00, 0x00, 0x48, 0x00, 0x01, 0x00, 0x00, 0x00,
    0x11, 0x08, 0x00, 0x40, 0x73, 0x74, 0x72, 0x75, 0x63, 0x74, 0x2e, 0x47, 0x46, 0x58, 0x32, 0x30,
    0x5f, 0x4d, 0x49, 0x5f, 0x42, 0x41, 0x54, 0x43, 0x48, 0x5f, 0x42, 0x55, 0x46, 0x46, 0x45, 0x52,
    0x5f, 0x53, 0x54, 0x41, 0x52, 0x54, 0x00, 0x00, 0x40, 0x02, 0x00, 0x00, 0x66, 0x69, 0x65, 0x6c,
    0x64, 0x30, 0x00, 0x00, 0xff, 0xff, 0xff, 0xff, 0x00, 0x00, 0x00, 0x00, 0x00, 0x00, 0x00, 0x00,
    0x00, 0x00, 0x00, 0x00, 0x00, 0x00, 0x00, 0x00, 0x00, 0x00, 0x00, 0x00, 0x00, 0x00, 0x00, 0x00,
    0x40, 0x02, 0x00, 0x00, 0x66, 0x69, 0x65, 0x6c, 0x64, 0x31, 0x00, 0x00, 0xff, 0xff, 0xff, 0xff,
    0x00, 0x00, 0x00, 0x00, 0x04, 0x00, 0x00, 0x00, 0x00, 0x00, 0x00, 0x00, 0x00, 0x00, 0x00, 0x00,
    0x00, 0x00, 0x00, 0x00, 0x00, 0x00, 0x00, 0x00, 0x45, 0x02, 0x00, 0x00, 0x66, 0x69, 0x65, 0x6c,
    0x64, 0x32, 0x00, 0x00, 0xff, 0xff, 0xff, 0xff, 0x00, 0x00, 0x00, 0x00, 0x08, 0x00, 0x00, 0x00,
    0x00, 0x00, 0x00, 0x00, 0x00, 0x00, 0x00, 0x00, 0x00, 0x00, 0x00, 0x00, 0x00, 0x00, 0x00, 0x00,
    0x45, 0x02, 0x00, 0x00, 0x66, 0x69, 0x65, 0x6c, 0x64, 0x33, 0x00, 0x00, 0xff, 0xff, 0xff, 0xff,
    0x00, 0x00, 0x00, 0x00, 0x09, 0x00, 0x00, 0x00, 0x00, 0x00, 0x00, 0x00, 0x00, 0x00, 0x00, 0x00,
    0x00, 0x00, 0x00, 0x00, 0x00, 0x00, 0x00, 0x00, 0x40, 0x02, 0x00, 0x00, 0x66, 0x69, 0x65, 0x6c,
    0x64, 0x34, 0x00, 0x00, 0xff, 0xff, 0xff, 0xff, 0x00, 0x00, 0x00, 0x00, 0x0c, 0x00, 0x00, 0x00,
    0x00, 0x00, 0x00, 0x00, 0x00, 0x00, 0x00, 0x00, 0x00, 0x00, 0x00, 0x00, 0x00, 0x00, 0x00, 0x00,
    0x40, 0x02, 0x00, 0x00, 0x66, 0x69, 0x65, 0x6c, 0x64, 0x35, 0x00, 0x00, 0xff, 0xff, 0xff, 0xff,
    0x00, 0x00, 0x00, 0x00, 0x10, 0x00, 0x00, 0x00, 0x00, 0x00, 0x00, 0x00, 0x00, 0x00, 0x00, 0x00,
    0x00, 0x00, 0x00, 0x00, 0x00, 0x00, 0x00, 0x00, 0x40, 0x02, 0x00, 0x00, 0x66, 0x69, 0x65, 0x6c,
    0x64, 0x36, 0x00, 0x00, 0xff, 0xff, 0xff, 0xff, 0x00, 0x00, 0x00, 0x00, 0x14, 0x00, 0x00, 0x00,
    0x00, 0x00, 0x00, 0x00, 0x00, 0x00, 0x00, 0x00, 0x00, 0x00, 0x00, 0x00, 0x00, 0x00, 0x00, 0x00,
    0x49, 0x02, 0x00, 0x00, 0x66, 0x69, 0x65, 0x6c, 0x64, 0x37, 0x00, 0x00, 0xff, 0xff, 0xff, 0xff,
    0x00, 0x00, 0x00, 0x00, 0x18, 0x00, 0x00, 0x00, 0x00, 0x00, 0x00, 0x00, 0x00, 0x00, 0x00, 0x00,
    0x00, 0x00, 0x00, 0x00, 0x00, 0x00, 0x00, 0x00, 0x76, 0x00, 0x00, 0x80, 0x00, 0x00, 0x00, 0x00,
    0x00, 0x00, 0x00, 0x00, 0x00, 0x00, 0x00, 0x00, 0x00, 0x00, 0x00, 0x00, 0x00, 0x00, 0x00, 0x00,
    0x00, 0x00, 0x00, 0x00, 0x00, 0x00, 0xff, 0xff, 0xff, 0xff, 0x08, 0x00, 0x00, 0x00, 0x18, 0x02,
    0x00, 0x00, 0x00, 0x00, 0x00, 0x00, 0x00, 0x00, 0x00, 0x00, 0x00, 0x00, 0x00, 0x00, 0x00, 0x00,
    0x00, 0x00, 0x00, 0x00, 0x01, 0x28, 0x00, 0x00, 0x76, 0x00, 0x00, 0x00, 0x00, 0x00, 0x20, 0x00,
    0x01, 0x28, 0x00, 0x00, 0x76, 0x00, 0x00, 0x00, 0x00, 0x00, 0x20, 0x00, 0x05, 0x00, 0x00, 0x00,
    0x00, 0x00, 0x00, 0x00, 0x00, 0x00, 0x00, 0x00, 0x18, 0x00, 0x00, 0x00, 0x14, 0x15, 0x00, 0xf2,
    0x14, 0x15, 0x01, 0xf2, 0x14, 0x15, 0x03, 0xe2, 0x14, 0x15, 0x04, 0xf2, 0x14, 0x15, 0x05, 0xe2,
    0x14, 0x15, 0x06, 0xe2, 0x14, 0x15, 0x07, 0xe2, 0x14, 0x15, 0x08, 0xe2, 0x14, 0x15, 0x09, 0xe2,
    0x14, 0x15, 0x0a, 0xf2, 0x14, 0x15, 0x0b, 0xf2, 0x14, 0x15, 0x0c, 0xe2, 0x05, 0x56, 0x00, 0x00,
    0x00, 0x50, 0x28, 0xe2, 0x6c, 0x01, 0x71, 0x01, 0x00, 0xa0, 0x33, 0xe2, 0x72, 0x01, 0x71, 0x01,
    0x00, 0xa0, 0x30, 0xe2, 0x69, 0x01, 0x70, 0x01, 0x64, 0x51, 0x00, 0xe2, 0xa0, 0x05, 0x00, 0x00,
    0x00, 0x04, 0x00, 0x00, 0x00, 0x80, 0x32, 0xe2, 0x70, 0x01, 0x73, 0x01, 0x00, 0x10, 0x37, 0xf2,
    0x76, 0x01, 0x00, 0x00, 0x00, 0xa0, 0x30, 0xf2, 0x65, 0x01, 0x77, 0x01, 0x00, 0x80, 0x32, 0xe2,
    0x74, 0x01, 0x67, 0x01, 0x00, 0x10, 0x37, 0xf2, 0x79, 0x01, 0x00, 0x00, 0x00, 0xe0, 0x38, 0xe2,
    0x75, 0x01, 0x6b, 0x01, 0x00, 0x60, 0x38, 0x92, 0x74, 0x01, 0x7b, 0x01, 0x01, 0x00, 0x00, 0x00,
    0xf0, 0x05, 0x00, 0x00, 0x00, 0x00, 0x00, 0x00, 0x03, 0x00, 0x00, 0x00, 0x00, 0x00, 0x00, 0x00,
    0x00, 0x00, 0x00, 0x00, 0x0a, 0x00, 0x00, 0x00, 0x05, 0x36, 0x00, 0x00, 0x00, 0xd0, 0x30, 0xe2,
    0x6c, 0x01, 0x7e, 0x01, 0x05, 0x0e, 0x00, 0x00, 0x00, 0xe0, 0x32, 0x92, 0x7f, 0x01, 0x80, 0x01,
    0x00, 0xd0, 0x30, 0xe2, 0x6c, 0x01, 0x71, 0x01, 0x00, 0xe0, 0x32, 0x92, 0x82, 0x01, 0x80, 0x01,
    0x05, 0x16, 0x08, 0x00, 0x00, 0xd0, 0x30, 0xe2, 0x6c, 0x01, 0x84, 0x01, 0x00, 0xe0, 0x32, 0x92,
    0x85, 0x01, 0x80, 0x01, 0x00, 0x30, 0x33, 0x92, 0x81, 0x01, 0x00, 0x00, 0x01, 0x00, 0x00, 0x00,
    0x1c, 0x06, 0x00, 0x00, 0x00, 0x00, 0x00, 0x00, 0x01, 0x00, 0x00, 0x00, 0x00, 0x00, 0x00, 0x00,
    0x00, 0x00, 0x00, 0x00, 0x4c, 0x00, 0x00, 0x00, 0x00, 0xa0, 0x30, 0xf2, 0x66, 0x01, 0x7a, 0x01,
    0x64, 0x51, 0x00, 0xe2, 0x24, 0x06, 0x00, 0x00, 0x00, 0x04, 0x00, 0x00, 0x05, 0x97, 0x00, 0x00,
    0x00, 0xa0, 0x30, 0xf2, 0x89, 0x01, 0x8b, 0x01, 0x64, 0x51, 0x00, 0xe2, 0x30, 0x06, 0x00, 0x00,
    0x00, 0x04, 0x00, 0x00, 0x05, 0x17, 0x01, 0x00, 0x00, 0xa0, 0x30, 0xf2, 0x89, 0x01, 0x8e, 0x01,
    0x64, 0x51, 0x00, 0xe2, 0x3c, 0x06, 0x00, 0x00, 0x00, 0x04, 0x00, 0x00, 0x05, 0x97, 0x01, 0x00,
    0x00, 0xa0, 0x30, 0xf2, 0x89, 0x01, 0x91, 0x01, 0x64, 0x51, 0x00, 0xe2, 0x48, 0x06, 0x00, 0x00,
    0x00, 0x04, 0x00, 0x00, 0x00, 0x80, 0x32, 0xe2, 0x8d, 0x01, 0x6a, 0x01, 0x05, 0x16, 0x01, 0x00,
    0x05, 0x17, 0x01, 0x00, 0x05, 0x37, 0x00, 0x00, 0x00, 0x40, 0x22, 0xf2, 0x83, 0x01, 0x00, 0x00,
    0x00, 0xa0, 0x33, 0xf2, 0x98, 0x01, 0x95, 0x01, 0x00, 0xd0, 0x39, 0xe2, 0x99, 0x01, 0x00, 0x00,
    0x00, 0xe0, 0x39, 0xe2, 0x99, 0x01, 0x00, 0x00, 0x05, 0x37, 0x01, 0x00, 0x05, 0x16, 0x01, 0x01,
    0x00, 0x70, 0x33, 0xe2, 0x9d, 0x01, 0x9a, 0x01, 0x00, 0x00, 0x35, 0xf2, 0x9e, 0x01, 0x9b, 0x01,
    0x00, 0x40, 0x22, 0xf2, 0x86, 0x01, 0x00, 0x00, 0x05, 0xb6, 0x01, 0x00, 0x00, 0xa0, 0x33, 0xf2,
    0xa0, 0x01, 0xa1, 0x01, 0x00, 0x70, 0x33, 0xf2, 0x9f, 0x01, 0xa2, 0x01, 0x05, 0x77, 0x00, 0x00,
    0x00, 0xd0, 0x39, 0xe2, 0xa3, 0x01, 0x00, 0x00, 0x05, 0x0e, 0x00, 0x7b, 0x00, 0x70, 0x33, 0xe2,
    0xa6, 0x01, 0xa5, 0x01, 0xf4, 0x64, 0x00, 0x00, 0x9c, 0x06, 0x00, 0x00, 0xe0, 0x05, 0x00, 0x00,
    0x01, 0x00, 0x04, 0x00, 0x00, 0x40, 0x22, 0xf2, 0x81, 0x01, 0x00, 0x00, 0x00, 0xa0, 0x33, 0xf2,
    0xa8, 0x01, 0x95, 0x01, 0x00, 0x00, 0x37, 0xe2, 0xa9, 0x01, 0x00, 0x00, 0x05, 0x56, 0x00, 0x00,
    0x00, 0xa0, 0x33, 0xf2, 0x97, 0x01, 0xab, 0x01, 0x00, 0xa0, 0x30, 0xf2, 0x78, 0x01, 0xac, 0x01,
    0xf4, 0x64, 0x00, 0x00, 0xa8, 0x06, 0x00, 0x00, 0xb4, 0x06, 0x00, 0x00, 0x01, 0x00, 0x04, 0x00,
    0x05, 0x57, 0x00, 0x00, 0x05, 0x56, 0x00, 0x00, 0x00, 0xa0, 0x33, 0xf2, 0xae, 0x01, 0xaf, 0x01,
    0x00, 0xa0, 0x30, 0xf2, 0x78, 0x01, 0xb0, 0x01, 0xf4, 0x64, 0x00, 0x00, 0x28, 0x06, 0x00, 0x00,
    0xc4, 0x06, 0x00, 0x00, 0x01, 0x00, 0x04, 0x00, 0x05, 0x56, 0x00, 0x00, 0x00, 0xa0, 0x33, 0xf2,
    0xa4, 0x01, 0xb2, 0x01, 0x00, 0xa0, 0x30, 0xf2, 0x78, 0x01, 0xb3, 0x01, 0xf4, 0x64, 0x00, 0x00,
    0x40, 0x06, 0x00, 0x00, 0xd0, 0x06, 0x00, 0x00, 0x01, 0x00, 0x04, 0x00, 0x05, 0x97, 0x00, 0x00,
    0x05, 0x56, 0x00, 0x00, 0x00, 0xa0, 0x33, 0xf2, 0xb5, 0x01, 0xb6, 0x01, 0x00, 0xa0, 0x30, 0xf2,
    0x78, 0x01, 0xb7, 0x01, 0xf4, 0x64, 0x00, 0x00, 0x50, 0x06, 0x00, 0x00, 0xe0, 0x06, 0x00, 0x00,
    0x01, 0x00, 0x04, 0x00, 0x05, 0xb7, 0x00, 0x00, 0x05, 0x56, 0x00, 0x00, 0x00, 0xa0, 0x33, 0xf2,
    0xb9, 0x01, 0xba, 0x01, 0x00, 0xa0, 0x30, 0xf2, 0x78, 0x01, 0xbb, 0x01, 0xf4, 0x64, 0x00, 0x00,
    0x4c, 0x06, 0x00, 0x00, 0xf0, 0x06, 0x00, 0x00, 0x01, 0x00, 0x04, 0x00, 0x05, 0xd7, 0x00, 0x00,
    0x05, 0x56, 0x00, 0x00, 0x00, 0xa0, 0x33, 0xf2, 0xbd, 0x01, 0xbe, 0x01, 0x00, 0xa0, 0x30, 0xf2,
    0x78, 0x01, 0xbf, 0x01, 0xf4, 0x64, 0x00, 0x00, 0x00, 0x06, 0x00, 0x00, 0x00, 0x07, 0x00, 0x00,
    0x01, 0x00, 0x04, 0x00, 0x05, 0xf7, 0x00, 0x00, 0x05, 0x56, 0x00, 0x00, 0x00, 0xa0, 0x33, 0xf2,
    0xc1, 0x01, 0xc2, 0x01, 0x00, 0xa0, 0x30, 0xf2, 0x78, 0x01, 0xc3, 0x01, 0xf4, 0x64, 0x00, 0x00,
    0x40, 0x06, 0x00, 0x00, 0x10, 0x07, 0x00, 0x00, 0x01, 0x00, 0x04, 0x00, 0x05, 0x56, 0x00, 0x00,
    0x00, 0xa0, 0x33, 0xf2, 0x96, 0x01, 0xc5, 0x01, 0x00, 0xa0, 0x30, 0xf2, 0x78, 0x01, 0xc6, 0x01,
    0xf4, 0x64, 0x00, 0x00, 0x4c, 0x06, 0x00, 0x00, 0x1c, 0x07, 0x00, 0x00, 0x01, 0x00, 0x04, 0x00,
    0x05, 0x56, 0x00, 0x00, 0x00, 0xa0, 0x33, 0xf2, 0x9c, 0x01, 0xc8, 0x01, 0x00, 0xa0, 0x30, 0xf2,
    0x78, 0x01, 0xc9, 0x01, 0xf4, 0x64, 0x00, 0x00, 0xd0, 0x05, 0x00, 0x00, 0x28, 0x07, 0x00, 0x00,
    0x01, 0x00, 0x04, 0x00, 0x01, 0x00, 0x00, 0x00, 0x00, 0x00, 0x00, 0x00, 0x00, 0x00, 0x00, 0x00,
    0x4f, 0x00, 0x00, 0x00, 0x00, 0xa0, 0x30, 0xf2, 0x66, 0x01, 0x7a, 0x01, 0x64, 0x51, 0x00, 0xe2,
    0x30, 0x07, 0x00, 0x00, 0x00, 0x04, 0x00, 0x00, 0x05, 0x97, 0x00, 0x00, 0x00, 0xa0, 0x30, 0xf2,
    0xcc, 0x01, 0xce, 0x01, 0x64, 0x51, 0x00, 0xe2, 0x3c, 0x07, 0x00, 0x00, 0x00, 0x04, 0x00, 0x00,
    0x05, 0x17, 0x01, 0x00, 0x00, 0xa0, 0x30, 0xf2, 0xcc, 0x01, 0xd1, 0x01, 0x64, 0x51, 0x00, 0xe2,
    0x48, 0x07, 0x00, 0x00, 0x00, 0x04, 0x00, 0x00, 0x05, 0x97, 0x01, 0x00, 0x00, 0xa0, 0x30, 0xf2,
    0xcc, 0x01, 0xd4, 0x01, 0x64, 0x51, 0x00, 0xe2, 0x54, 0x07, 0x00, 0x00, 0x00, 0x04, 0x00, 0x00,
    0x05, 0x17, 0x02, 0x00, 0x00, 0xa0, 0x30, 0xf2, 0xcc, 0x01, 0xd7, 0x01, 0x64, 0x51, 0x00, 0xe2,
    0x60, 0x07, 0x00, 0x00, 0x00, 0x04, 0x00, 0x00, 0x00, 0x80, 0x32, 0xe2, 0xd0, 0x01, 0x6a, 0x01,
    0x05, 0x16, 0x01, 0x00, 0x05, 0x17, 0x01, 0x00, 0x05, 0x37, 0x00, 0x00, 0x00, 0x40, 0x22, 0xf2,
    0x83, 0x01, 0x00, 0x00, 0x00, 0xa0, 0x33, 0xf2, 0xde, 0x01, 0xdb, 0x01, 0x00, 0xd0, 0x39, 0xe2,
    0xdf, 0x01, 0x00, 0x00, 0x00, 0xe0, 0x39, 0xe2, 0xdf, 0x01, 0x00, 0x00, 0x05, 0x37, 0x01, 0x00,
    0x05, 0x16, 0x01, 0x01, 0x00, 0x70, 0x33, 0xe2, 0xe3, 0x01, 0xe0, 0x01, 0x00, 0x00, 0x35, 0xf2,
    0xe4, 0x01, 0xe1, 0x01, 0x00, 0x40, 0x22, 0xf2, 0x86, 0x01, 0x00, 0x00, 0x05, 0xb6, 0x01, 0x00,
    0x00, 0xa0, 0x33, 0xf2, 0xe6, 0x01, 0xe7, 0x01, 0x00, 0x70, 0x33, 0xf2, 0xe5, 0x01, 0xe8, 0x01,
    0x05, 0x77, 0x00, 0x00, 0x00, 0xd0, 0x39, 0xe2, 0xe9, 0x01, 0x00, 0x00, 0x05, 0x0e, 0x00, 0x7b,
    0x00, 0x70, 0x33, 0xe2, 0xec, 0x01, 0xeb, 0x01, 0xf4, 0x64, 0x00, 0x00, 0xb4, 0x07, 0x00, 0x00,
    0xe0, 0x05, 0x00, 0x00, 0x01, 0x00, 0x04, 0x00, 0x00, 0x40, 0x22, 0xf2, 0x81, 0x01, 0x00, 0x00,
    0x00, 0xa0, 0x33, 0xf2, 0xee, 0x01, 0xdb, 0x01, 0x00, 0x00, 0x37, 0xe2, 0xef, 0x01, 0x00, 0x00,
    0x05, 0x56, 0x00, 0x00, 0x00, 0xa0, 0x33, 0xf2, 0xdd, 0x01, 0xf1, 0x01, 0x00, 0xa0, 0x30, 0xf2,
    0x78, 0x01, 0xf2, 0x01, 0xf4, 0x64, 0x00, 0x00, 0xc0, 0x07, 0x00, 0x00, 0xcc, 0x07, 0x00, 0x00,
    0x01, 0x00, 0x04, 0x00, 0x05, 0x57, 0x00, 0x00, 0x05, 0x56, 0x00, 0x00, 0x00, 0xa0, 0x33, 0xf2,
    0xf4, 0x01, 0xf5, 0x01, 0x00, 0xa0, 0x30, 0xf2, 0x78, 0x01, 0xf6, 0x01, 0xf4, 0x64, 0x00, 0x00,
    0x34, 0x07, 0x00, 0x00, 0xdc, 0x07, 0x00, 0x00, 0x01, 0x00, 0x04, 0x00, 0x05, 0x56, 0x00, 0x00,
    0x00, 0xa0, 0x33, 0xf2, 0xea, 0x01, 0xf8, 0x01, 0x00, 0xa0, 0x30, 0xf2, 0x78, 0x01, 0xf9, 0x01,
    0xf4, 0x64, 0x00, 0x00, 0x4c, 0x07, 0x00, 0x00, 0xe8, 0x07, 0x00, 0x00, 0x01, 0x00, 0x04, 0x00,
    0x05, 0x97, 0x00, 0x00, 0x05, 0x56, 0x00, 0x00, 0x00, 0xa0, 0x33, 0xf2, 0xfb, 0x01, 0xfc, 0x01,
    0x00, 0xa0, 0x30, 0xf2, 0x78, 0x01, 0xfd, 0x01, 0xf4, 0x64, 0x00, 0x00, 0x68, 0x07, 0x00, 0x00,
    0xf8, 0x07, 0x00, 0x00, 0x01, 0x00, 0x04, 0x00, 0x05, 0xb7, 0x00, 0x00, 0x05, 0x56, 0x00, 0x00,
    0x00, 0xa0, 0x33, 0xf2, 0xff, 0x01, 0x00, 0x02, 0x00, 0xa0, 0x30, 0xf2, 0x78, 0x01, 0x01, 0x02,
    0xf4, 0x64, 0x00, 0x00, 0x64, 0x07, 0x00, 0x00, 0x08, 0x08, 0x00, 0x00, 0x01, 0x00, 0x04, 0x00,
    0x05, 0xd7, 0x00, 0x00, 0x05, 0x56, 0x00, 0x00, 0x00, 0xa0, 0x33, 0xf2, 0x03, 0x02, 0x04, 0x02,
    0x00, 0xa0, 0x30, 0xf2, 0x78, 0x01, 0x05, 0x02, 0xf4, 0x64, 0x00, 0x00, 0x58, 0x07, 0x00, 0x00,
    0x18, 0x08, 0x00, 0x00, 0x01, 0x00, 0x04, 0x00, 0x05, 0xf7, 0x00, 0x00, 0x05, 0x56, 0x00, 0x00,
    0x00, 0xa0, 0x33, 0xf2, 0x07, 0x02, 0x08, 0x02, 0x00, 0xa0, 0x30, 0xf2, 0x78, 0x01, 0x09, 0x02,
    0xf4, 0x64, 0x00, 0x00, 0x58, 0x07, 0x00, 0x00, 0x28, 0x08, 0x00, 0x00, 0x01, 0x00, 0x04, 0x00,
    0x05, 0x56, 0x00, 0x00, 0x00, 0xa0, 0x33, 0xf2, 0xdc, 0x01, 0x0b, 0x02, 0x00, 0xa0, 0x30, 0xf2,
    0x78, 0x01, 0x0c, 0x02, 0xf4, 0x64, 0x00, 0x00, 0x64, 0x07, 0x00, 0x00, 0x34, 0x08, 0x00, 0x00,
    0x01, 0x00, 0x04, 0x00, 0x05, 0x56, 0x00, 0x00, 0x00, 0xa0, 0x33, 0xf2, 0xe2, 0x01, 0x0e, 0x02,
    0x00, 0xa0, 0x30, 0xf2, 0x78, 0x01, 0x0f, 0x02, 0xf4, 0x64, 0x00, 0x00, 0xd0, 0x05, 0x00, 0x00,
    0x40, 0x08, 0x00, 0x00, 0x01, 0x00, 0x04, 0x00, 0x00, 0x00, 0x00, 0x00, 0x00, 0x00, 0x00, 0x00,
    0x00, 0x00, 0x00, 0x00, 0x01, 0x00, 0x00, 0x00, 0x00, 0x00, 0x00, 0x00, 0x00, 0x00, 0x00, 0x00,
    0x00, 0x00, 0x00, 0x00, 0x00, 0x00, 0x00, 0x00, 0x00, 0x00, 0x00, 0x00, 0x0c, 0x00, 0x00, 0x00,
    0x05, 0x16, 0x04, 0x00, 0x00, 0xd0, 0x30, 0xe2, 0x6c, 0x01, 0x14, 0x02, 0x05, 0x0e, 0x00, 0x00,
    0x00, 0x10, 0x31, 0x92, 0x15, 0x02, 0x16, 0x02, 0x00, 0xe0, 0x32, 0x92, 0x75, 0x01, 0x16, 0x02,
    0x05, 0xf6, 0xff, 0xff, 0x00, 0xa0, 0x30, 0xe2, 0x7b, 0x01, 0x19, 0x02, 0x00, 0x10, 0x27, 0xe2,
    0x18, 0x02, 0x1a, 0x02, 0x16, 0x02, 0x00, 0x00, 0x00, 0x10, 0x37, 0xf2, 0x73, 0x01, 0x00, 0x00,
    0x00, 0xa0, 0x70, 0xf2, 0x77, 0x01, 0x1c, 0x02, 0x65, 0x01, 0x1d, 0x02, 0x00, 0x10, 0x27, 0xf2,
    0x18, 0x02, 0x1e, 0x02, 0x78, 0x01, 0x00, 0x00, 0x01, 0x00, 0x00, 0x00, 0x5c, 0x08, 0x00, 0x00,
    0x00, 0x00, 0x00, 0x00, 0x03, 0x00, 0x00, 0x00, 0x00, 0x00, 0x00, 0x00, 0x00, 0x00, 0x00, 0x00,
    0x03, 0x00, 0x00, 0x00, 0x00, 0x10, 0x31, 0x92, 0x74, 0x01, 0x1b, 0x02, 0x00, 0x60, 0x38, 0x92,
    0x75, 0x01, 0x6b, 0x01, 0x00, 0xd0, 0x30, 0x92, 0x22, 0x02, 0x21, 0x02, 0x01, 0x00, 0x00, 0x00,
    0x8c, 0x08, 0x00, 0x00, 0x00, 0x00, 0x00, 0x00, 0x01, 0x00, 0x00, 0x00, 0x00, 0x00, 0x00, 0x00,
    0x00, 0x00, 0x00, 0x00, 0x0e, 0x00, 0x00, 0x00, 0x05, 0x37, 0x00, 0x00, 0x05, 0x06, 0x00, 0x00,
    0x01, 0x01, 0x80, 0x18, 0xf4, 0x64, 0x00, 0x00, 0x98, 0x08, 0x00, 0x00, 0x7c, 0x08, 0x00, 0x00,
    0x01, 0x00, 0x04, 0x00, 0x00, 0x00, 0x37, 0xe2, 0x6f, 0x01, 0x00, 0x00, 0x05, 0x56, 0x00, 0x00,
    0x00, 0xa0, 0x33, 0xf2, 0x25, 0x02, 0x28, 0x02, 0x00, 0xa0, 0x30, 0xf2, 0x1f, 0x02, 0x29, 0x02,
    0xf4, 0x64, 0x00, 0x00, 0x9c, 0x08, 0x00, 0x00, 0xa8, 0x08, 0x00, 0x00, 0x01, 0x00, 0x04, 0x00,
    0x00, 0xe0, 0x39, 0xe2, 0x6f, 0x01, 0x00, 0x00, 0x05, 0x57, 0x00, 0x00, 0x05, 0x56, 0x00, 0x00,
    0x00, 0xa0, 0x33, 0xf2, 0x2c, 0x02, 0x2d, 0x02, 0x00, 0xa0, 0x30, 0xf2, 0x1f, 0x02, 0x2e, 0x02,
    0xf4, 0x64, 0x00, 0x00, 0xac, 0x08, 0x00, 0x00, 0xbc, 0x08, 0x00, 0x00, 0x01, 0x00, 0x04, 0x00,
    0x01, 0x00, 0x00, 0x00, 0x00, 0x00, 0x00, 0x00, 0x00, 0x00, 0x00, 0x00, 0x00, 0x00, 0x00, 0x00,
    0x00, 0x00, 0x00, 0x00, 0x00, 0x00, 0x00, 0x00, 0x00, 0x00, 0x00, 0x00, 0x03, 0x00, 0x00, 0x00,
    0x00, 0x00, 0x00, 0x00, 0x00, 0x00, 0x00, 0x00, 0x01, 0x00, 0x00, 0x00, 0x00, 0xe0, 0x32, 0x92,
    0x74, 0x01, 0x1b, 0x02, 0x01, 0x00, 0x00, 0x00, 0xcc, 0x08, 0x00, 0x00, 0x00, 0x00, 0x00, 0x00,
    0x03, 0x00, 0x00, 0x00, 0x00, 0x00, 0x00, 0x00, 0x00, 0x00, 0x00, 0x00, 0x02, 0x00, 0x00, 0x00,
    0x00, 0xa0, 0x30, 0xe2, 0x6d, 0x01, 0x19, 0x02, 0x00, 0x10, 0x31, 0x92, 0x70, 0x01, 0x35, 0x02,
    0x01, 0x00, 0x00, 0x00, 0xd8, 0x08, 0x00, 0x00, 0x00, 0x00, 0x00, 0x00, 0x01, 0x00, 0x00, 0x00,
    0x00, 0x00, 0x00, 0x00, 0x00, 0x00, 0x00, 0x00, 0x0e, 0x00, 0x00, 0x00, 0x05, 0x37, 0x00, 0x00,
    0x05, 0x06, 0x00, 0x00, 0x01, 0x01, 0x80, 0x18, 0xf4, 0x64, 0x00, 0x00, 0xe4, 0x08, 0x00, 0x00,
    0x7c, 0x08, 0x00, 0x00, 0x01, 0x00, 0x04, 0x00, 0x00, 0x00, 0x37, 0xe2, 0x6e, 0x01, 0x00, 0x00,
    0x05, 0x56, 0x00, 0x00, 0x00, 0xa0, 0x33, 0xf2, 0x38, 0x02, 0x3b, 0x02, 0x00, 0xa0, 0x30, 0xf2,
    0x1f, 0x02, 0x3c, 0x02, 0xf4, 0x64, 0x00, 0x00, 0xe8, 0x08, 0x00, 0x00, 0xf4, 0x08, 0x00, 0x00,
    0x01, 0x00, 0x04, 0x00, 0x00, 0xe0, 0x39, 0xe2, 0x6e, 0x01, 0x00, 0x00, 0x05, 0x57, 0x00, 0x00,
    0x05, 0x56, 0x00, 0x00, 0x00, 0xa0, 0x33, 0xf2, 0x3f, 0x02, 0x40, 0x02, 0x00, 0xa0, 0x30, 0xf2,
    0x1f, 0x02, 0x41, 0x02, 0xf4, 0x64, 0x00, 0x00, 0xf8, 0x08, 0x00, 0x00, 0x08, 0x09, 0x00, 0x00,
    0x01, 0x00, 0x04, 0x00, 0x01, 0x00, 0x00, 0x00, 0x00, 0x00, 0x00, 0x00, 0x00, 0x00, 0x00, 0x00,
    0x00, 0x00, 0x00, 0x00, 0x00, 0x00, 0x00, 0x00, 0x00, 0x00, 0x00, 0x00, 0x00, 0x00, 0x00, 0x00,
    0x01, 0x00, 0x00, 0x00, 0x00, 0x00, 0x00, 0x00, 0x00, 0x00, 0x00, 0x00, 0x0e, 0x00, 0x00, 0x00,
    0x05, 0x37, 0x00, 0x00, 0x05, 0x06, 0x00, 0x00, 0x01, 0x01, 0x80, 0x18, 0xf4, 0x64, 0x00, 0x00,
    0x1c, 0x09, 0x00, 0x00, 0x7c, 0x08, 0x00, 0x00, 0x01, 0x00, 0x04, 0x00, 0x00, 0x00, 0x37, 0xe2,
    0x6f, 0x01, 0x00, 0x00, 0x05, 0x56, 0x00, 0x00, 0x00, 0xa0, 0x33, 0xf2, 0x46, 0x02, 0x49, 0x02,
    0x00, 0xa0, 0x30, 0xf2, 0x1f, 0x02, 0x4a, 0x02, 0xf4, 0x64, 0x00, 0x00, 0x20, 0x09, 0x00, 0x00,
    0x2c, 0x09, 0x00, 0x00, 0x01, 0x00, 0x04, 0x00, 0x00, 0xe0, 0x39, 0xe2, 0x6f, 0x01, 0x00, 0x00,
    0x05, 0x57, 0x00, 0x00, 0x05, 0x56, 0x00, 0x00, 0x00, 0xa0, 0x33, 0xf2, 0x4d, 0x02, 0x4e, 0x02,
    0x00, 0xa0, 0x30, 0xf2, 0x1f, 0x02, 0x4f, 0x02, 0xf4, 0x64, 0x00, 0x00, 0x30, 0x09, 0x00, 0x00,
    0x40, 0x09, 0x00, 0x00, 0x01, 0x00, 0x04, 0x00, 0x00, 0x00, 0x00, 0x00, 0x00, 0x00, 0x00, 0x00,
    0x00, 0x00, 0x00, 0x00, 0x00, 0x00, 0x00, 0x00, 0x00, 0x00, 0x00, 0x00, 0x00, 0x00, 0x00, 0x00,
    0x01, 0x00, 0x00, 0x00, 0x03, 0x00, 0x00, 0x00, 0x01, 0x28, 0x00, 0x00, 0x76, 0x00, 0x00, 0x00,
    0x00, 0x00, 0x20, 0x00, 0x01, 0x28, 0x00, 0x00, 0x76, 0x00, 0x00, 0x00, 0x00, 0x00, 0x20, 0x00,
    0x01, 0x28, 0x00, 0x00, 0x76, 0x00, 0x00, 0x00, 0x00, 0x00, 0x20, 0x00, 0x03, 0x00, 0x00, 0x00,
    0x00, 0x00, 0x00, 0x00, 0x00, 0x00, 0x00, 0x00, 0x18, 0x00, 0x00, 0x00, 0x14, 0x15, 0x00, 0xf2,
    0x14, 0x15, 0x01, 0xe2, 0x14, 0x15, 0x02, 0xe2, 0x14, 0x15, 0x03, 0xe2, 0x14, 0x15, 0x04, 0xe2,
    0x14, 0x15, 0x05, 0xe2, 0x14, 0x15, 0x06, 0xe2, 0x14, 0x15, 0x07, 0xf2, 0x14, 0x15, 0x08, 0xf2,
    0x05, 0x56, 0x00, 0x00, 0x00, 0x50, 0x28, 0xe2, 0x5d, 0x02, 0x60, 0x02, 0x00, 0xa0, 0x33, 0xe2,
    0x61, 0x02, 0x60, 0x02, 0x05, 0x16, 0x04, 0x00, 0x00, 0xd0, 0x30, 0xe2, 0x5d, 0x02, 0x63, 0x02,
    0x05, 0x0e, 0x00, 0x00, 0x00, 0x10, 0x31, 0x92, 0x64, 0x02, 0x65, 0x02, 0x00, 0xe0, 0x32, 0x92,
    0x5a, 0x02, 0x65, 0x02, 0x00, 0xe0, 0x38, 0xe2, 0x5a, 0x02, 0x5c, 0x02, 0x05, 0xf6, 0xff, 0xff,
    0x00, 0xa0, 0x30, 0xe2, 0x68, 0x02, 0x69, 0x02, 0x00, 0x10, 0x27, 0xe2, 0x67, 0x02, 0x6a, 0x02,
    0x65, 0x02, 0x00, 0x00, 0x00, 0x10, 0x37, 0xf2, 0x62, 0x02, 0x00, 0x00, 0x00, 0xa0, 0x30, 0xf2,
    0x57, 0x02, 0x6c, 0x02, 0x00, 0x10, 0x27, 0xf2, 0x67, 0x02, 0x6d, 0x02, 0x57, 0x02, 0x00, 0x00,
    0x01, 0x00, 0x00, 0x00, 0x98, 0x09, 0x00, 0x00, 0x00, 0x00, 0x00, 0x00, 0x03, 0x00, 0x00, 0x00,
    0x00, 0x00, 0x00, 0x00, 0x00, 0x00, 0x00, 0x00, 0x03, 0x00, 0x00, 0x00, 0x00, 0x10, 0x31, 0x92,
    0x59, 0x02, 0x6b, 0x02, 0x00, 0x60, 0x38, 0x92, 0x5a, 0x02, 0x5c, 0x02, 0x00, 0xd0, 0x30, 0x92,
    0x71, 0x02, 0x70, 0x02, 0x01, 0x00, 0x00, 0x00, 0xc8, 0x09, 0x00, 0x00, 0x00, 0x00, 0x00, 0x00,
    0x01, 0x00, 0x00, 0x00, 0x00, 0x00, 0x00, 0x00, 0x00, 0x00, 0x00, 0x00, 0x0e, 0x00, 0x00, 0x00,
    0x05, 0x37, 0x00, 0x00, 0x05, 0x06, 0x00, 0x00, 0x01, 0x01, 0x80, 0x18, 0xf4, 0x64, 0x00, 0x00,
    0xd4, 0x09, 0x00, 0x00, 0xb8, 0x09, 0x00, 0x00, 0x01, 0x00, 0x04, 0x00, 0x00, 0x00, 0x37, 0xe2,
    0x5f, 0x02, 0x00, 0x00, 0x05, 0x56, 0x00, 0x00, 0x00, 0xa0, 0x33, 0xf2, 0x74, 0x02, 0x77, 0x02,
    0x00, 0xa0, 0x30, 0xf2, 0x6e, 0x02, 0x78, 0x02, 0xf4, 0x64, 0x00, 0x00, 0xd8, 0x09, 0x00, 0x00,
    0xe4, 0x09, 0x00, 0x00, 0x01, 0x00, 0x04, 0x00, 0x00, 0xe0, 0x39, 0xe2, 0x5f, 0x02, 0x00, 0x00,
    0x05, 0x57, 0x00, 0x00, 0x05, 0x56, 0x00, 0x00, 0x00, 0xa0, 0x33, 0xf2, 0x7b, 0x02, 0x7c, 0x02,
    0x00, 0xa0, 0x30, 0xf2, 0x6e, 0x02, 0x7d, 0x02, 0xf4, 0x64, 0x00, 0x00, 0xe8, 0x09, 0x00, 0x00,
    0xf8, 0x09, 0x00, 0x00, 0x01, 0x00, 0x04, 0x00, 0x01, 0x00, 0x00, 0x00, 0x00, 0x00, 0x00, 0x00,
    0x00, 0x00, 0x00, 0x00, 0x00, 0x00, 0x00, 0x00, 0x00, 0x00, 0x00, 0x00, 0x00, 0x00, 0x00, 0x00,
    0x00, 0x00, 0x00, 0x00, 0x03, 0x00, 0x00, 0x00, 0x00, 0x00, 0x00, 0x00, 0x00, 0x00, 0x00, 0x00,
    0x01, 0x00, 0x00, 0x00, 0x00, 0xe0, 0x32, 0x92, 0x59, 0x02, 0x6b, 0x02, 0x01, 0x00, 0x00, 0x00,
    0x08, 0x0a, 0x00, 0x00, 0x00, 0x00, 0x00, 0x00, 0x03, 0x00, 0x00, 0x00, 0x00, 0x00, 0x00, 0x00,
    0x00, 0x00, 0x00, 0x00, 0x02, 0x00, 0x00, 0x00, 0x00, 0xa0, 0x30, 0xe2, 0x5b, 0x02, 0x69, 0x02,
    0x00, 0x10, 0x31, 0x92, 0x58, 0x02, 0x84, 0x02, 0x01, 0x00, 0x00, 0x00, 0x14, 0x0a, 0x00, 0x00,
    0x00, 0x00, 0x00, 0x00, 0x01, 0x00, 0x00, 0x00, 0x00, 0x00, 0x00, 0x00, 0x00, 0x00, 0x00, 0x00,
    0x0e, 0x00, 0x00, 0x00, 0x05, 0x37, 0x00, 0x00, 0x05, 0x06, 0x00, 0x00, 0x01, 0x01, 0x80, 0x18,
    0xf4, 0x64, 0x00, 0x00, 0x20, 0x0a, 0x00, 0x00, 0xb8, 0x09, 0x00, 0x00, 0x01, 0x00, 0x04, 0x00,
    0x00, 0x00, 0x37, 0xe2, 0x5e, 0x02, 0x00, 0x00, 0x05, 0x56, 0x00, 0x00, 0x00, 0xa0, 0x33, 0xf2,
    0x87, 0x02, 0x8a, 0x02, 0x00, 0xa0, 0x30, 0xf2, 0x6e, 0x02, 0x8b, 0x02, 0xf4, 0x64, 0x00, 0x00,
    0x24, 0x0a, 0x00, 0x00, 0x30, 0x0a, 0x00, 0x00, 0x01, 0x00, 0x04, 0x00, 0x00, 0xe0, 0x39, 0xe2,
    0x5e, 0x02, 0x00, 0x00, 0x05, 0x57, 0x00, 0x00, 0x05, 0x56, 0x00, 0x00, 0x00, 0xa0, 0x33, 0xf2,
    0x8e, 0x02, 0x8f, 0x02, 0x00, 0xa0, 0x30, 0xf2, 0x6e, 0x02, 0x90, 0x02, 0xf4, 0x64, 0x00, 0x00,
    0x34, 0x0a, 0x00, 0x00, 0x44, 0x0a, 0x00, 0x00, 0x01, 0x00, 0x04, 0x00, 0x01, 0x00, 0x00, 0x00,
    0x00, 0x00, 0x00, 0x00, 0x00, 0x00, 0x00, 0x00, 0x00, 0x00, 0x00, 0x00, 0x00, 0x00, 0x00, 0x00,
    0x00, 0x00, 0x00, 0x00, 0x00, 0x00, 0x00, 0x00, 0x01, 0x00, 0x00, 0x00, 0x00, 0x00, 0x00, 0x00,
    0x00, 0x00, 0x00, 0x00, 0x0e, 0x00, 0x00, 0x00, 0x05, 0x37, 0x00, 0x00, 0x05, 0x06, 0x00, 0x00,
    0x01, 0x01, 0x80, 0x18, 0xf4, 0x64, 0x00, 0x00, 0x58, 0x0a, 0x00, 0x00, 0xb8, 0x09, 0x00, 0x00,
    0x01, 0x00, 0x04, 0x00, 0x00, 0x00, 0x37, 0xe2, 0x5f, 0x02, 0x00, 0x00, 0x05, 0x56, 0x00, 0x00,
    0x00, 0xa0, 0x33, 0xf2, 0x95, 0x02, 0x98, 0x02, 0x00, 0xa0, 0x30, 0xf2, 0x6e, 0x02, 0x99, 0x02,
    0xf4, 0x64, 0x00, 0x00, 0x5c, 0x0a, 0x00, 0x00, 0x68, 0x0a, 0x00, 0x00, 0x01, 0x00, 0x04, 0x00,
    0x00, 0xe0, 0x39, 0xe2, 0x5f, 0x02, 0x00, 0x00, 0x05, 0x57, 0x00, 0x00, 0x05, 0x56, 0x00, 0x00,
    0x00, 0xa0, 0x33, 0xf2, 0x9c, 0x02, 0x9d, 0x02, 0x00, 0xa0, 0x30, 0xf2, 0x6e, 0x02, 0x9e, 0x02,
    0xf4, 0x64, 0x00, 0x00, 0x6c, 0x0a, 0x00, 0x00, 0x7c, 0x0a, 0x00, 0x00, 0x01, 0x00, 0x04, 0x00,
    0x00, 0x00, 0x00, 0x00, 0x00, 0x00, 0x00, 0x00, 0x00, 0x00, 0x00, 0x00, 0x00, 0x00, 0x00, 0x00,
    0x00, 0x00, 0x00, 0x00, 0x00, 0x00, 0x00, 0x00, 0x01, 0x00, 0x00, 0x00, 0x0b, 0x00, 0x00, 0x00,
    0x01, 0x00, 0x00, 0x00, 0x11, 0x04, 0x00, 0x30, 0x73, 0x74, 0x72, 0x75, 0x63, 0x74, 0x2e, 0x47,
    0x46, 0x58, 0x32, 0x30, 0x5f, 0x4d, 0x49, 0x5f, 0x41, 0x52, 0x42, 0x5f, 0x43, 0x48, 0x45, 0x43,
    0x4b, 0x00, 0x00, 0x00, 0x45, 0x02, 0x00, 0x00, 0x66, 0x69, 0x65, 0x6c, 0x64, 0x30, 0x00, 0x00,
    0xff, 0xff, 0xff, 0xff, 0x00, 0x00, 0x00, 0x00, 0x00, 0x00, 0x00, 0x00, 0x00, 0x00, 0x00, 0x00,
    0x00, 0x00, 0x00, 0x00, 0x00, 0x00, 0x00, 0x00, 0x00, 0x00, 0x00, 0x00, 0x45, 0x02, 0x00, 0x00,
    0x66, 0x69, 0x65, 0x6c, 0x64, 0x31, 0x00, 0x00, 0xff, 0xff, 0xff, 0xff, 0x00, 0x00, 0x00, 0x00,
    0x01, 0x00, 0x00, 0x00, 0x00, 0x00, 0x00, 0x00, 0x00, 0x00, 0x00, 0x00, 0x00, 0x00, 0x00, 0x00,
    0x00, 0x00, 0x00, 0x00, 0x40, 0x02, 0x00, 0x00, 0x66, 0x69, 0x65, 0x6c, 0x64, 0x32, 0x00, 0x00,
    0xff, 0xff, 0xff, 0xff, 0x00, 0x00, 0x00, 0x00, 0x04, 0x00, 0x00, 0x00, 0x00, 0x00, 0x00, 0x00,
    0x00, 0x00, 0x00, 0x00, 0x00, 0x00, 0x00, 0x00, 0x00, 0x00, 0x00, 0x00, 0x40, 0x02, 0x00, 0x00,
    0x66, 0x69, 0x65, 0x6c, 0x64, 0x33, 0x00, 0x00, 0xff, 0xff, 0xff, 0xff, 0x00, 0x00, 0x00, 0x00,
    0x08, 0x00, 0x00, 0x00, 0x00, 0x00, 0x00, 0x00, 0x00, 0x00, 0x00, 0x00, 0x00, 0x00, 0x00, 0x00,
    0x00, 0x00, 0x00, 0x00, 0x76, 0x00, 0x00, 0x80, 0x00, 0x00, 0x00, 0x00, 0x00, 0x00, 0x00, 0x00,
    0x00, 0x00, 0x00, 0x00, 0x00, 0x00, 0x00, 0x00, 0x00, 0x00, 0x00, 0x00, 0x00, 0x00, 0x00, 0x00,
    0x00, 0x00, 0xff, 0xff, 0xff, 0xff, 0x04, 0x00, 0x00, 0x00, 0xd8, 0x02, 0x00, 0x00, 0x00, 0x00,
    0x00, 0x00, 0x00, 0x00, 0x00, 0x00, 0x00, 0x00, 0x00, 0x00, 0x00, 0x00, 0x00, 0x00, 0x00, 0x00,
    0x01, 0x08, 0x00, 0x00, 0x11, 0x05, 0x00, 0x30, 0x73, 0x74, 0x72, 0x75, 0x63, 0x74, 0x2e, 0x47,
    0x46, 0x58, 0x32, 0x30, 0x5f, 0x33, 0x44, 0x53, 0x54, 0x41, 0x54, 0x45, 0x5f, 0x56, 0x45, 0x52,
    0x54, 0x45, 0x58, 0x5f, 0x42, 0x55, 0x46, 0x46, 0x45, 0x52, 0x53, 0x00, 0x40, 0x02, 0x00, 0x00,
    0x66, 0x69, 0x65, 0x6c, 0x64, 0x30, 0x00, 0x00, 0xff, 0xff, 0xff, 0xff, 0x00, 0x00, 0x00, 0x00,
    0x00, 0x00, 0x00, 0x00, 0x00, 0x00, 0x00, 0x00, 0x00, 0x00, 0x00, 0x00, 0x00, 0x00, 0x00, 0x00,
    0x00, 0x00, 0x00, 0x00, 0x40, 0x02, 0x00, 0x00, 0x66, 0x69, 0x65, 0x6c, 0x64, 0x31, 0x00, 0x00,
    0xff, 0xff, 0xff, 0xff, 0x00, 0x00, 0x00, 0x00, 0x04, 0x00, 0x00, 0x00, 0x00, 0x00, 0x00, 0x00,
    0x00, 0x00, 0x00, 0x00, 0x00, 0x00, 0x00, 0x00, 0x00, 0x00, 0x00, 0x00, 0x40, 0x02, 0x00, 0x00,
    0x66, 0x69, 0x65, 0x6c, 0x64, 0x32, 0x00, 0x00, 0xff, 0xff, 0xff, 0xff, 0x00, 0x00, 0x00, 0x00,
    0x08, 0x00, 0x00, 0x00, 0x00, 0x00, 0x00, 0x00, 0x00, 0x00, 0x00, 0x00, 0x00, 0x00, 0x00, 0x00,
    0x00, 0x00, 0x00, 0x00, 0x40, 0x02, 0x00, 0x00, 0x66, 0x69, 0x65, 0x6c, 0x64, 0x33, 0x00, 0x00,
    0xff, 0xff, 0xff, 0xff, 0x00, 0x00, 0x00, 0x00, 0x0c, 0x00, 0x00, 0x00, 0x00, 0x00, 0x00, 0x00,
    0x00, 0x00, 0x00, 0x00, 0x00, 0x00, 0x00, 0x00, 0x00, 0x00, 0x00, 0x00, 0x40, 0x02, 0x00, 0x00,
    0x66, 0x69, 0x65, 0x6c, 0x64, 0x34, 0x00, 0x00, 0xff, 0xff, 0xff, 0xff, 0x00, 0x00, 0x00, 0x00,
    0x10, 0x00, 0x00, 0x00, 0x00, 0x00, 0x00, 0x00, 0x00, 0x00, 0x00, 0x00, 0x00, 0x00, 0x00, 0x00,
    0x00, 0x00, 0x00, 0x00, 0x76, 0x00, 0x00, 0x00, 0x00, 0x00, 0x0c, 0x00, 0x01, 0x00, 0x00, 0x00,
    0x11, 0x08, 0x00, 0x40, 0x73, 0x74, 0x72, 0x75, 0x63, 0x74, 0x2e, 0x47, 0x46, 0x58, 0x32, 0x30,
    0x5f, 0x56, 0x45, 0x52, 0x54, 0x45, 0x58, 0x5f, 0x42, 0x55, 0x46, 0x46, 0x45, 0x52, 0x5f, 0x53,
    0x54, 0x41, 0x54, 0x45, 0x00, 0x00, 0x00, 0x00, 0x40, 0x02, 0x00, 0x00, 0x66, 0x69, 0x65, 0x6c,
    0x64, 0x30, 0x00, 0x00, 0xff, 0xff, 0xff, 0xff, 0x00, 0x00, 0x00, 0x00, 0x00, 0x00, 0x00, 0x00,
    0x00, 0x00, 0x00, 0x00, 0x00, 0x00, 0x00, 0x00, 0x00, 0x00, 0x00, 0x00, 0x00, 0x00, 0x00, 0x00,
    0x45, 0x02, 0x00, 0x00, 0x66, 0x69, 0x65, 0x6c, 0x64, 0x31, 0x00, 0x00, 0xff, 0xff, 0xff, 0xff,
    0x00, 0x00, 0x00, 0x00, 0x04, 0x00, 0x00, 0x00, 0x00, 0x00, 0x00, 0x00, 0x00, 0x00, 0x00, 0x00,
    0x00, 0x00, 0x00, 0x00, 0x00, 0x00, 0x00, 0x00, 0x45, 0x02, 0x00, 0x00, 0x66, 0x69, 0x65, 0x6c,
    0x64, 0x32, 0x00, 0x00, 0xff, 0xff, 0xff, 0xff, 0x00, 0x00, 0x00, 0x00, 0x05, 0x00, 0x00, 0x00,
    0x00, 0x00, 0x00, 0x00, 0x00, 0x00, 0x00, 0x00, 0x00, 0x00, 0x00, 0x00, 0x00, 0x00, 0x00, 0x00,
    0x40, 0x02, 0x00, 0x00, 0x66, 0x69, 0x65, 0x6c, 0x64, 0x33, 0x00, 0x00, 0xff, 0xff, 0xff, 0xff,
    0x00, 0x00, 0x00, 0x00, 0x08, 0x00, 0x00, 0x00, 0x00, 0x00, 0x00, 0x00, 0x00, 0x00, 0x00, 0x00,
    0x00, 0x00, 0x00, 0x00, 0x00, 0x00, 0x00, 0x00, 0x45, 0x02, 0x00, 0x00, 0x66, 0x69, 0x65, 0x6c,
    0x64, 0x34, 0x00, 0x00, 0xff, 0xff, 0xff, 0xff, 0x00, 0x00, 0x00, 0x00, 0x0c, 0x00, 0x00, 0x00,
    0x00, 0x00, 0x00, 0x00, 0x00, 0x00, 0x00, 0x00, 0x00, 0x00, 0x00, 0x00, 0x00, 0x00, 0x00, 0x00,
    0x40, 0x02, 0x00, 0x00, 0x66, 0x69, 0x65, 0x6c, 0x64, 0x35, 0x00, 0x00, 0xff, 0xff, 0xff, 0xff,
    0x00, 0x00, 0x00, 0x00, 0x10, 0x00, 0x00, 0x00, 0x00, 0x00, 0x00, 0x00, 0x00, 0x00, 0x00, 0x00,
    0x00, 0x00, 0x00, 0x00, 0x00, 0x00, 0x00, 0x00, 0x49, 0x02, 0x00, 0x00, 0x66, 0x69, 0x65, 0x6c,
    0x64, 0x36, 0x00, 0x00, 0xff, 0xff, 0xff, 0xff, 0x00, 0x00, 0x00, 0x00, 0x18, 0x00, 0x00, 0x00,
    0x00, 0x00, 0x00, 0x00, 0x00, 0x00, 0x00, 0x00, 0x00, 0x00, 0x00, 0x00, 0x00, 0x00, 0x00, 0x00,
    0x40, 0x02, 0x00, 0x00, 0x66, 0x69, 0x65, 0x6c, 0x64, 0x37, 0x00, 0x00, 0xff, 0xff, 0xff, 0xff,
    0x00, 0x00, 0x00, 0x00, 0x20, 0x00, 0x00, 0x00, 0x00, 0x00, 0x00, 0x00, 0x00, 0x00, 0x00, 0x00,
    0x00, 0x00, 0x00, 0x00, 0x00, 0x00, 0x00, 0x00, 0x76, 0x00, 0x00, 0x80, 0x00, 0x00, 0x00, 0x00,
    0x00, 0x00, 0x00, 0x00, 0x00, 0x00, 0x00, 0x00, 0x00, 0x00, 0x00, 0x00, 0x00, 0x00, 0x00, 0x00,
    0x00, 0x00, 0x00, 0x00, 0x00, 0x00, 0xff, 0xff, 0xff, 0xff, 0x08, 0x00, 0x00, 0x00, 0xf8, 0x02,
    0x00, 0x00, 0x00, 0x00, 0x00, 0x00, 0x00, 0x00, 0x00, 0x00, 0x00, 0x00, 0x00, 0x00, 0x00, 0x00,
    0x00, 0x00, 0x00, 0x00, 0x01, 0x28, 0x00, 0x00, 0x76, 0x00, 0x00, 0x00, 0x00, 0x00, 0x28, 0x00,
    0x01, 0x00, 0x00, 0x00, 0x11, 0x15, 0x00, 0x30, 0x73, 0x74, 0x72, 0x75, 0x63, 0x74, 0x2e, 0x47,
    0x46, 0x58, 0x32, 0x30, 0x5f, 0x33, 0x44, 0x50, 0x52, 0x49, 0x4d, 0x49, 0x54, 0x49, 0x56, 0x45,
    0x00, 0x00, 0x00, 0x00, 0x40, 0x02, 0x00, 0x00, 0x66, 0x69, 0x65, 0x6c, 0x64, 0x30, 0x00, 0x00,
    0xff, 0xff, 0xff, 0xff, 0x00, 0x00, 0x00, 0x00, 0x00, 0x00, 0x00, 0x00, 0x00, 0x00, 0x00, 0x00,
    0x00, 0x00, 0x00, 0x00, 0x00, 0x00, 0x00, 0x00, 0x00, 0x00, 0x00, 0x00, 0x45, 0x02, 0x00, 0x00,
    0x66, 0x69, 0x65, 0x6c, 0x64, 0x31, 0x00, 0x00, 0xff, 0xff, 0xff, 0xff, 0x00, 0x00, 0x00, 0x00,
    0x04, 0x00, 0x00, 0x00, 0x00, 0x00, 0x00, 0x00, 0x00, 0x00, 0x00, 0x00, 0x00, 0x00, 0x00, 0x00,
    0x00, 0x00, 0x00, 0x00, 0x45, 0x02, 0x00, 0x00, 0x66, 0x69, 0x65, 0x6c, 0x64, 0x32, 0x00, 0x00,
    0xff, 0xff, 0xff, 0xff, 0x00, 0x00, 0x00, 0x00, 0x05, 0x00, 0x00, 0x00, 0x00, 0x00, 0x00, 0x00,
    0x00, 0x00, 0x00, 0x00, 0x00, 0x00, 0x00, 0x00, 0x00, 0x00, 0x00, 0x00, 0x45, 0x02, 0x00, 0x00,
    0x66, 0x69, 0x65, 0x6c, 0x64, 0x33, 0x00, 0x00, 0xff, 0xff, 0xff, 0xff, 0x00, 0x00, 0x00, 0x00,
    0x06, 0x00, 0x00, 0x00, 0x00, 0x00, 0x00, 0x00, 0x00, 0x00, 0x00, 0x00, 0x00, 0x00, 0x00, 0x00,
    0x00, 0x00, 0x00, 0x00, 0x40, 0x02, 0x00, 0x00, 0x66, 0x69, 0x65, 0x6c, 0x64, 0x34, 0x00, 0x00,
    0xff, 0xff, 0xff, 0xff, 0x00, 0x00, 0x00, 0x00, 0x08, 0x00, 0x00, 0x00, 0x00, 0x00, 0x00, 0x00,
    0x00, 0x00, 0x00, 0x00, 0x00, 0x00, 0x00, 0x00, 0x00, 0x00, 0x00, 0x00, 0x40, 0x02, 0x00, 0x00,
    0x66, 0x69, 0x65, 0x6c, 0x64, 0x35, 0x00, 0x00, 0xff, 0xff, 0xff, 0xff, 0x00, 0x00, 0x00, 0x00,
    0x0c, 0x00, 0x00, 0x00, 0x00, 0x00, 0x00, 0x00, 0x00, 0x00, 0x00, 0x00, 0x00, 0x00, 0x00, 0x00,
    0x00, 0x00, 0x00, 0x00, 0x40, 0x02, 0x00, 0x00, 0x66, 0x69, 0x65, 0x6c, 0x64, 0x36, 0x00, 0x00,
    0xff, 0xff, 0xff, 0xff, 0x00, 0x00, 0x00, 0x00, 0x10, 0x00, 0x00, 0x00, 0x00, 0x00, 0x00, 0x00,
    0x00, 0x00, 0x00, 0x00, 0x00, 0x00, 0x00, 0x00, 0x00, 0x00, 0x00, 0x00, 0x40, 0x02, 0x00, 0x00,
    0x66, 0x69, 0x65, 0x6c, 0x64, 0x37, 0x00, 0x00, 0xff, 0xff, 0xff, 0xff, 0x00, 0x00, 0x00, 0x00,
    0x14, 0x00, 0x00, 0x00, 0x00, 0x00, 0x00, 0x00, 0x00, 0x00, 0x00, 0x00, 0x00, 0x00, 0x00, 0x00,
    0x00, 0x00, 0x00, 0x00, 0x40, 0x02, 0x00, 0x00, 0x66, 0x69, 0x65, 0x6c, 0x64, 0x38, 0x00, 0x00,
    0xff, 0xff, 0xff, 0xff, 0x00, 0x00, 0x00, 0x00, 0x18, 0x00, 0x00, 0x00, 0x00, 0x00, 0x00, 0x00,
    0x00, 0x00, 0x00, 0x00, 0x00, 0x00, 0x00, 0x00, 0x00, 0x00, 0x00, 0x00, 0x40, 0x02, 0x00, 0x00,
    0x66, 0x69, 0x65, 0x6c, 0x64, 0x39, 0x00, 0x00, 0xff, 0xff, 0xff, 0xff, 0x00, 0x00, 0x00, 0x00,
    0x1c, 0x00, 0x00, 0x00, 0x00, 0x00, 0x00, 0x00, 0x00, 0x00, 0x00, 0x00, 0x00, 0x00, 0x00, 0x00,
    0x00, 0x00, 0x00, 0x00, 0x40, 0x02, 0x00, 0x00, 0x66, 0x69, 0x65, 0x6c, 0x64, 0x31, 0x30, 0x00,
    0xff, 0xff, 0xff, 0xff, 0x00, 0x00, 0x00, 0x00, 0x20, 0x00, 0x00, 0x00, 0x00, 0x00, 0x00, 0x00,
    0x00, 0x00, 0x00, 0x00, 0x00, 0x00, 0x00, 0x00, 0x00, 0x00, 0x00, 0x00, 0x40, 0x02, 0x00, 0x00,
    0x66, 0x69, 0x65, 0x6c, 0x64, 0x31, 0x31, 0x00, 0xff, 0xff, 0xff, 0xff, 0x00, 0x00, 0x00, 0x00,
    0x24, 0x00, 0x00, 0x00, 0x00, 0x00, 0x00, 0x00, 0x00, 0x00, 0x00, 0x00, 0x00, 0x00, 0x00, 0x00,
    0x00, 0x00, 0x00, 0x00, 0x45, 0x02, 0x00, 0x00, 0x66, 0x69, 0x65, 0x6c, 0x64, 0x31, 0x32, 0x00,
    0xff, 0xff, 0xff, 0xff, 0x00, 0x00, 0x00, 0x00, 0x28, 0x00, 0x00, 0x00, 0x00, 0x00, 0x00, 0x00,
    0x00, 0x00, 0x00, 0x00, 0x00, 0x00, 0x00, 0x00, 0x00, 0x00, 0x00, 0x00, 0x40, 0x02, 0x00, 0x00,
    0x66, 0x69, 0x65, 0x6c, 0x64, 0x31, 0x33, 0x00, 0xff, 0xff, 0xff, 0xff, 0x00, 0x00, 0x00, 0x00,
    0x2c, 0x00, 0x00, 0x00, 0x00, 0x00, 0x00, 0x00, 0x00, 0x00, 0x00, 0x00, 0x00, 0x00, 0x00, 0x00,
    0x00, 0x00, 0x00, 0x00, 0x40, 0x02, 0x00, 0x00, 0x66, 0x69, 0x65, 0x6c, 0x64, 0x31, 0x34, 0x00,
    0xff, 0xff, 0xff, 0xff, 0x00, 0x00, 0x00, 0x00, 0x30, 0x00, 0x00, 0x00, 0x00, 0x00, 0x00, 0x00,
    0x00, 0x00, 0x00, 0x00, 0x00, 0x00, 0x00, 0x00, 0x00, 0x00, 0x00, 0x00, 0x40, 0x02, 0x00, 0x00,
    0x66, 0x69, 0x65, 0x6c, 0x64, 0x31, 0x35, 0x00, 0xff, 0xff, 0xff, 0xff, 0x00, 0x00, 0x00, 0x00,
    0x34, 0x00, 0x00, 0x00, 0x00, 0x00, 0x00, 0x00, 0x00, 0x00, 0x00, 0x00, 0x00, 0x00, 0x00, 0x00,
    0x00, 0x00, 0x00, 0x00, 0x40, 0x02, 0x00, 0x00, 0x66, 0x69, 0x65, 0x6c, 0x64, 0x31, 0x36, 0x00,
    0xff, 0xff, 0xff, 0xff, 0x00, 0x00, 0x00, 0x00, 0x38, 0x00, 0x00, 0x00, 0x00, 0x00, 0x00, 0x00,
    0x00, 0x00, 0x00, 0x00, 0x00, 0x00, 0x00, 0x00, 0x00, 0x00, 0x00, 0x00, 0x40, 0x02, 0x00, 0x00,
    0x66, 0x69, 0x65, 0x6c, 0x64, 0x31, 0x37, 0x00, 0xff, 0xff, 0xff, 0xff, 0x00, 0x00, 0x00, 0x00,
    0x3c, 0x00, 0x00, 0x00, 0x00, 0x00, 0x00, 0x00, 0x00, 0x00, 0x00, 0x00, 0x00, 0x00, 0x00, 0x00,
    0x00, 0x00, 0x00, 0x00, 0x40, 0x02, 0x00, 0x00, 0x66, 0x69, 0x65, 0x6c, 0x64, 0x31, 0x38, 0x00,
    0xff, 0xff, 0xff, 0xff, 0x00, 0x00, 0x00, 0x00, 0x40, 0x00, 0x00, 0x00, 0x00, 0x00, 0x00, 0x00,
    0x00, 0x00, 0x00, 0x00, 0x00, 0x00, 0x00, 0x00, 0x00, 0x00, 0x00, 0x00, 0x40, 0x02, 0x00, 0x00,
    0x66, 0x69, 0x65, 0x6c, 0x64, 0x31, 0x39, 0x00, 0xff, 0xff, 0xff, 0xff, 0x00, 0x00, 0x00, 0x00,
    0x44, 0x00, 0x00, 0x00, 0x00, 0x00, 0x00, 0x00, 0x00, 0x00, 0x00, 0x00, 0x00, 0x00, 0x00, 0x00,
    0x00, 0x00, 0x00, 0x00, 0x40, 0x02, 0x00, 0x00, 0x66, 0x69, 0x65, 0x6c, 0x64, 0x32, 0x30, 0x00,
    0xff, 0xff, 0xff, 0xff, 0x00, 0x00, 0x00, 0x00, 0x48, 0x00, 0x00, 0x00, 0x00, 0x00, 0x00, 0x00,
    0x00, 0x00, 0x00, 0x00, 0x00, 0x00, 0x00, 0x00, 0x00, 0x00, 0x00, 0x00, 0x76, 0x00, 0x00, 0x80,
    0x00, 0x00, 0x00, 0x00, 0x00, 0x00, 0x00, 0x00, 0x00, 0x00, 0x00, 0x00, 0x00, 0x00, 0x00, 0x00,
    0x00, 0x00, 0x00, 0x00, 0x00, 0x00, 0x00, 0x00, 0x00, 0x00, 0xff, 0xff, 0xff, 0xff, 0x04, 0x00,
    0x00, 0x00, 0x48, 0x03, 0x00, 0x00, 0x00, 0x00, 0x00, 0x00, 0x00, 0x00, 0x00, 0x00, 0x00, 0x00,
    0x00, 0x00, 0x00, 0x00, 0x00, 0x00, 0x00, 0x00, 0x01, 0x08, 0x00, 0x00, 0x11, 0x05, 0x00, 0x30,
    0x73, 0x74, 0x72, 0x75, 0x63, 0x74, 0x2e, 0x47, 0x46, 0x58, 0x32, 0x30, 0x5f, 0x33, 0x44, 0x53,
    0x54, 0x41, 0x54, 0x45, 0x5f, 0x56, 0x45, 0x52, 0x54, 0x45, 0x58, 0x5f, 0x42, 0x55, 0x46, 0x46,
    0x45, 0x52, 0x53, 0x00, 0x40, 0x02, 0x00, 0x00, 0x66, 0x69, 0x65, 0x6c, 0x64, 0x30, 0x00, 0x00,
    0xff, 0xff, 0xff, 0xff, 0x00, 0x00, 0x00, 0x00, 0x00, 0x00, 0x00, 0x00, 0x00, 0x00, 0x00, 0x00,
    0x00, 0x00, 0x00, 0x00, 0x00, 0x00, 0x00, 0x00, 0x00, 0x00, 0x00, 0x00, 0x40, 0x02, 0x00, 0x00,
    0x66, 0x69, 0x65, 0x6c, 0x64, 0x31, 0x00, 0x00, 0xff, 0xff, 0xff, 0xff, 0x00, 0x00, 0x00, 0x00,
    0x04, 0x00, 0x00, 0x00, 0x00, 0x00, 0x00, 0x00, 0x00, 0x00, 0x00, 0x00, 0x00, 0x00, 0x00, 0x00,
    0x00, 0x00, 0x00, 0x00, 0x40, 0x02, 0x00, 0x00, 0x66, 0x69, 0x65, 0x6c, 0x64, 0x32, 0x00, 0x00,
    0xff, 0xff, 0xff, 0xff, 0x00, 0x00, 0x00, 0x00, 0x08, 0x00, 0x00, 0x00, 0x00, 0x00, 0x00, 0x00,
    0x00, 0x00, 0x00, 0x00, 0x00, 0x00, 0x00, 0x00, 0x00, 0x00, 0x00, 0x00, 0x40, 0x02, 0x00, 0x00,
    0x66, 0x69, 0x65, 0x6c, 0x64, 0x33, 0x00, 0x00, 0xff, 0xff, 0xff, 0xff, 0x00, 0x00, 0x00, 0x00,
    0x0c, 0x00, 0x00, 0x00, 0x00, 0x00, 0x00, 0x00, 0x00, 0x00, 0x00, 0x00, 0x00, 0x00, 0x00, 0x00,
    0x00, 0x00, 0x00, 0x00, 0x40, 0x02, 0x00, 0x00, 0x66, 0x69, 0x65, 0x6c, 0x64, 0x34, 0x00, 0x00,
    0xff, 0xff, 0xff, 0xff, 0x00, 0x00, 0x00, 0x00, 0x10, 0x00, 0x00, 0x00, 0x00, 0x00, 0x00, 0x00,
    0x00, 0x00, 0x00, 0x00, 0x00, 0x00, 0x00, 0x00, 0x00, 0x00, 0x00, 0x00, 0x76, 0x00, 0x00, 0x00,
    0x00, 0x00, 0x4c, 0x00, 0x01, 0x00, 0x00, 0x00, 0x11, 0x08, 0x00, 0x40, 0x73, 0x74, 0x72, 0x75,
    0x63, 0x74, 0x2e, 0x47, 0x46, 0x58, 0x32, 0x30, 0x5f, 0x56, 0x45, 0x52, 0x54, 0x45, 0x58, 0x5f,
    0x42, 0x55, 0x46, 0x46, 0x45, 0x52, 0x5f, 0x53, 0x54, 0x41, 0x54, 0x45, 0x00, 0x00, 0x00, 0x00,
    0x40, 0x02, 0x00, 0x00, 0x66, 0x69, 0x65, 0x6c, 0x64, 0x30, 0x00, 0x00, 0xff, 0xff, 0xff, 0xff,
    0x00, 0x00, 0x00, 0x00, 0x00, 0x00, 0x00, 0x00, 0x00, 0x00, 0x00, 0x00, 0x00, 0x00, 0x00, 0x00,
    0x00, 0x00, 0x00, 0x00, 0x00, 0x00, 0x00, 0x00, 0x45, 0x02, 0x00, 0x00, 0x66, 0x69, 0x65, 0x6c,
    0x64, 0x31, 0x00, 0x00, 0xff, 0xff, 0xff, 0xff, 0x00, 0x00, 0x00, 0x00, 0x04, 0x00, 0x00, 0x00,
    0x00, 0x00, 0x00, 0x00, 0x00, 0x00, 0x00, 0x00, 0x00, 0x00, 0x00, 0x00, 0x00, 0x00, 0x00, 0x00,
    0x45, 0x02, 0x00, 0x00, 0x66, 0x69, 0x65, 0x6c, 0x64, 0x32, 0x00, 0x00, 0xff, 0xff, 0xff, 0xff,
    0x00, 0x00, 0x00, 0x00, 0x05, 0x00, 0x00, 0x00, 0x00, 0x00, 0x00, 0x00, 0x00, 0x00, 0x00, 0x00,
    0x00, 0x00, 0x00, 0x00, 0x00, 0x00, 0x00, 0x00, 0x40, 0x02, 0x00, 0x00, 0x66, 0x69, 0x65, 0x6c,
    0x64, 0x33, 0x00, 0x00, 0xff, 0xff, 0xff, 0xff, 0x00, 0x00, 0x00, 0x00, 0x08, 0x00, 0x00, 0x00,
    0x00, 0x00, 0x00, 0x00, 0x00, 0x00, 0x00, 0x00, 0x00, 0x00, 0x00, 0x00, 0x00, 0x00, 0x00, 0x00,
    0x45, 0x02, 0x00, 0x00, 0x66, 0x69, 0x65, 0x6c, 0x64, 0x34, 0x00, 0x00, 0xff, 0xff, 0xff, 0xff,
    0x00, 0x00, 0x00, 0x00, 0x0c, 0x00, 0x00, 0x00, 0x00, 0x00, 0x00, 0x00, 0x00, 0x00, 0x00, 0x00,
    0x00, 0x00, 0x00, 0x00, 0x00, 0x00, 0x00, 0x00, 0x40, 0x02, 0x00, 0x00, 0x66, 0x69, 0x65, 0x6c,
    0x64, 0x35, 0x00, 0x00, 0xff, 0xff, 0xff, 0xff, 0x00, 0x00, 0x00, 0x00, 0x10, 0x00, 0x00, 0x00,
    0x00, 0x00, 0x00, 0x00, 0x00, 0x00, 0x00, 0x00, 0x00, 0x00, 0x00, 0x00, 0x00, 0x00, 0x00, 0x00,
    0x49, 0x02, 0x00, 0x00, 0x66, 0x69, 0x65, 0x6c, 0x64, 0x36, 0x00, 0x00, 0xff, 0xff, 0xff, 0xff,
    0x00, 0x00, 0x00, 0x00, 0x18, 0x00, 0x00, 0x00, 0x00, 0x00, 0x00, 0x00, 0x00, 0x00, 0x00, 0x00,
    0x00, 0x00, 0x00, 0x00, 0x00, 0x00, 0x00, 0x00, 0x40, 0x02, 0x00, 0x00, 0x66, 0x69, 0x65, 0x6c,
    0x64, 0x37, 0x00, 0x00, 0xff, 0xff, 0xff, 0xff, 0x00, 0x00, 0x00, 0x00, 0x20, 0x00, 0x00, 0x00,
    0x00, 0x00, 0x00, 0x00, 0x00, 0x00, 0x00, 0x00, 0x00, 0x00, 0x00, 0x00, 0x00, 0x00, 0x00, 0x00,
    0x76, 0x00, 0x00, 0x80, 0x00, 0x00, 0x00, 0x00, 0x00, 0x00, 0x00, 0x00, 0x00, 0x00, 0x00, 0x00,
    0x00, 0x00, 0x00, 0x00, 0x00, 0x00, 0x00, 0x00, 0x00, 0x00, 0x00, 0x00, 0x00, 0x00, 0xff, 0xff,
    0xff, 0xff, 0x08, 0x00, 0x00, 0x00, 0xa8, 0x03, 0x00, 0x00, 0x00, 0x00, 0x00, 0x00, 0x00, 0x00,
    0x00, 0x00, 0x00, 0x00, 0x00, 0x00, 0x00, 0x00, 0x00, 0x00, 0x00, 0x00, 0x01, 0x28, 0x00, 0x00,
    0x76, 0x00, 0x00, 0x00, 0x00, 0x00, 0x28, 0x00, 0x01, 0x00, 0x00, 0x00, 0x11, 0x15, 0x00, 0x30,
    0x73, 0x74, 0x72, 0x75, 0x63, 0x74, 0x2e, 0x47, 0x46, 0x58, 0x32, 0x30, 0x5f, 0x33, 0x44, 0x50,
    0x52, 0x49, 0x4d, 0x49, 0x54, 0x49, 0x56, 0x45, 0x00, 0x00, 0x00, 0x00, 0x40, 0x02, 0x00, 0x00,
    0x66, 0x69, 0x65, 0x6c, 0x64, 0x30, 0x00, 0x00, 0xff, 0xff, 0xff, 0xff, 0x00, 0x00, 0x00, 0x00,
    0x00, 0x00, 0x00, 0x00, 0x00, 0x00, 0x00, 0x00, 0x00, 0x00, 0x00, 0x00, 0x00, 0x00, 0x00, 0x00,
    0x00, 0x00, 0x00, 0x00, 0x45, 0x02, 0x00, 0x00, 0x66, 0x69, 0x65, 0x6c, 0x64, 0x31, 0x00, 0x00,
    0xff, 0xff, 0xff, 0xff, 0x00, 0x00, 0x00, 0x00, 0x04, 0x00, 0x00, 0x00, 0x00, 0x00, 0x00, 0x00,
    0x00, 0x00, 0x00, 0x00, 0x00, 0x00, 0x00, 0x00, 0x00, 0x00, 0x00, 0x00, 0x45, 0x02, 0x00, 0x00,
    0x66, 0x69, 0x65, 0x6c, 0x64, 0x32, 0x00, 0x00, 0xff, 0xff, 0xff, 0xff, 0x00, 0x00, 0x00, 0x00,
    0x05, 0x00, 0x00, 0x00, 0x00, 0x00, 0x00, 0x00, 0x00, 0x00, 0x00, 0x00, 0x00, 0x00, 0x00, 0x00,
    0x00, 0x00, 0x00, 0x00, 0x45, 0x02, 0x00, 0x00, 0x66, 0x69, 0x65, 0x6c, 0x64, 0x33, 0x00, 0x00,
    0xff, 0xff, 0xff, 0xff, 0x00, 0x00, 0x00, 0x00, 0x06, 0x00, 0x00, 0x00, 0x00, 0x00, 0x00, 0x00,
    0x00, 0x00, 0x00, 0x00, 0x00, 0x00, 0x00, 0x00, 0x00, 0x00, 0x00, 0x00, 0x40, 0x02, 0x00, 0x00,
    0x66, 0x69, 0x65, 0x6c, 0x64, 0x34, 0x00, 0x00, 0xff, 0xff, 0xff, 0xff, 0x00, 0x00, 0x00, 0x00,
    0x08, 0x00, 0x00, 0x00, 0x00, 0x00, 0x00, 0x00, 0x00, 0x00, 0x00, 0x00, 0x00, 0x00, 0x00, 0x00,
    0x00, 0x00, 0x00, 0x00, 0x40, 0x02, 0x00, 0x00, 0x66, 0x69, 0x65, 0x6c, 0x64, 0x35, 0x00, 0x00,
    0xff, 0xff, 0xff, 0xff, 0x00, 0x00, 0x00, 0x00, 0x0c, 0x00, 0x00, 0x00, 0x00, 0x00, 0x00, 0x00,
    0x00, 0x00, 0x00, 0x00, 0x00, 0x00, 0x00, 0x00, 0x00, 0x00, 0x00, 0x00, 0x40, 0x02, 0x00, 0x00,
    0x66, 0x69, 0x65, 0x6c, 0x64, 0x36, 0x00, 0x00, 0xff, 0xff, 0xff, 0xff, 0x00, 0x00, 0x00, 0x00,
    0x10, 0x00, 0x00, 0x00, 0x00, 0x00, 0x00, 0x00, 0x00, 0x00, 0x00, 0x00, 0x00, 0x00, 0x00, 0x00,
    0x00, 0x00, 0x00, 0x00, 0x40, 0x02, 0x00, 0x00, 0x66, 0x69, 0x65, 0x6c, 0x64, 0x37, 0x00, 0x00,
    0xff, 0xff, 0xff, 0xff, 0x00, 0x00, 0x00, 0x00, 0x14, 0x00, 0x00, 0x00, 0x00, 0x00, 0x00, 0x00,
    0x00, 0x00, 0x00, 0x00, 0x00, 0x00, 0x00, 0x00, 0x00, 0x00, 0x00, 0x00, 0x40, 0x02, 0x00, 0x00,
    0x66, 0x69, 0x65, 0x6c, 0x64, 0x38, 0x00, 0x00, 0xff, 0xff, 0xff, 0xff, 0x00, 0x00, 0x00, 0x00,
    0x18, 0x00, 0x00, 0x00, 0x00, 0x00, 0x00, 0x00, 0x00, 0x00, 0x00, 0x00, 0x00, 0x00, 0x00, 0x00,
    0x00, 0x00, 0x00, 0x00, 0x40, 0x02, 0x00, 0x00, 0x66, 0x69, 0x65, 0x6c, 0x64, 0x39, 0x00, 0x00,
    0xff, 0xff, 0xff, 0xff, 0x00, 0x00, 0x00, 0x00, 0x1c, 0x00, 0x00, 0x00, 0x00, 0x00, 0x00, 0x00,
    0x00, 0x00, 0x00, 0x00, 0x00, 0x00, 0x00, 0x00, 0x00, 0x00, 0x00, 0x00, 0x40, 0x02, 0x00, 0x00,
    0x66, 0x69, 0x65, 0x6c, 0x64, 0x31, 0x30, 0x00, 0xff, 0xff, 0xff, 0xff, 0x00, 0x00, 0x00, 0x00,
    0x20, 0x00, 0x00, 0x00, 0x00, 0x00, 0x00, 0x00, 0x00, 0x00, 0x00, 0x00, 0x00, 0x00, 0x00, 0x00,
    0x00, 0x00, 0x00, 0x00, 0x40, 0x02, 0x00, 0x00, 0x66, 0x69, 0x65, 0x6c, 0x64, 0x31, 0x31, 0x00,
    0xff, 0xff, 0xff, 0xff, 0x00, 0x00, 0x00, 0x00, 0x24, 0x00, 0x00, 0x00, 0x00, 0x00, 0x00, 0x00,
    0x00, 0x00, 0x00, 0x00, 0x00, 0x00, 0x00, 0x00, 0x00, 0x00, 0x00, 0x00, 0x45, 0x02, 0x00, 0x00,
    0x66, 0x69, 0x65, 0x6c, 0x64, 0x31, 0x32, 0x00, 0xff, 0xff, 0xff, 0xff, 0x00, 0x00, 0x00, 0x00,
    0x28, 0x00, 0x00, 0x00, 0x00, 0x00, 0x00, 0x00, 0x00, 0x00, 0x00, 0x00, 0x00, 0x00, 0x00, 0x00,
    0x00, 0x00, 0x00, 0x00, 0x40, 0x02, 0x00, 0x00, 0x66, 0x69, 0x65, 0x6c, 0x64, 0x31, 0x33, 0x00,
    0xff, 0xff, 0xff, 0xff, 0x00, 0x00, 0x00, 0x00, 0x2c, 0x00, 0x00, 0x00, 0x00, 0x00, 0x00, 0x00,
    0x00, 0x00, 0x00, 0x00, 0x00, 0x00, 0x00, 0x00, 0x00, 0x00, 0x00, 0x00, 0x40, 0x02, 0x00, 0x00,
    0x66, 0x69, 0x65, 0x6c, 0x64, 0x31, 0x34, 0x00, 0xff, 0xff, 0xff, 0xff, 0x00, 0x00, 0x00, 0x00,
    0x30, 0x00, 0x00, 0x00, 0x00, 0x00, 0x00, 0x00, 0x00, 0x00, 0x00, 0x00, 0x00, 0x00, 0x00, 0x00,
    0x00, 0x00, 0x00, 0x00, 0x40, 0x02, 0x00, 0x00, 0x66, 0x69, 0x65, 0x6c, 0x64, 0x31, 0x35, 0x00,
    0xff, 0xff, 0xff, 0xff, 0x00, 0x00, 0x00, 0x00, 0x34, 0x00, 0x00, 0x00, 0x00, 0x00, 0x00, 0x00,
    0x00, 0x00, 0x00, 0x00, 0x00, 0x00, 0x00, 0x00, 0x00, 0x00, 0x00, 0x00, 0x40, 0x02, 0x00, 0x00,
    0x66, 0x69, 0x65, 0x6c, 0x64, 0x31, 0x36, 0x00, 0xff, 0xff, 0xff, 0xff, 0x00, 0x00, 0x00, 0x00,
    0x38, 0x00, 0x00, 0x00, 0x00, 0x00, 0x00, 0x00, 0x00, 0x00, 0x00, 0x00, 0x00, 0x00, 0x00, 0x00,
    0x00, 0x00, 0x00, 0x00, 0x40, 0x02, 0x00, 0x00, 0x66, 0x69, 0x65, 0x6c, 0x64, 0x31, 0x37, 0x00,
    0xff, 0xff, 0xff, 0xff, 0x00, 0x00, 0x00, 0x00, 0x3c, 0x00, 0x00, 0x00, 0x00, 0x00, 0x00, 0x00,
    0x00, 0x00, 0x00, 0x00, 0x00, 0x00, 0x00, 0x00, 0x00, 0x00, 0x00, 0x00, 0x40, 0x02, 0x00, 0x00,
    0x66, 0x69, 0x65, 0x6c, 0x64, 0x31, 0x38, 0x00, 0xff, 0xff, 0xff, 0xff, 0x00, 0x00, 0x00, 0x00,
    0x40, 0x00, 0x00, 0x00, 0x00, 0x00, 0x00, 0x00, 0x00, 0x00, 0x00, 0x00, 0x00, 0x00, 0x00, 0x00,
    0x00, 0x00, 0x00, 0x00, 0x40, 0x02, 0x00, 0x00, 0x66, 0x69, 0x65, 0x6c, 0x64, 0x31, 0x39, 0x00,
    0xff, 0xff, 0xff, 0xff, 0x00, 0x00, 0x00, 0x00, 0x44, 0x00, 0x00, 0x00, 0x00, 0x00, 0x00, 0x00,
    0x00, 0x00, 0x00, 0x00, 0x00, 0x00, 0x00, 0x00, 0x00, 0x00, 0x00, 0x00, 0x40, 0x02, 0x00, 0x00,
    0x66, 0x69, 0x65, 0x6c, 0x64, 0x32, 0x30, 0x00, 0xff, 0xff, 0xff, 0xff, 0x00, 0x00, 0x00, 0x00,
    0x48, 0x00, 0x00, 0x00, 0x00, 0x00, 0x00, 0x00, 0x00, 0x00, 0x00, 0x00, 0x00, 0x00, 0x00, 0x00,
    0x00, 0x00, 0x00, 0x00, 0x76, 0x00, 0x00, 0x80, 0x00, 0x00, 0x00, 0x00, 0x00, 0x00, 0x00, 0x00,
    0x00, 0x00, 0x00, 0x00, 0x00, 0x00, 0x00, 0x00, 0x00, 0x00, 0x00, 0x00, 0x00, 0x00, 0x00, 0x00,
    0x00, 0x00, 0xff, 0xff, 0xff, 0xff, 0x04, 0x00, 0x00, 0x00, 0xf8, 0x03, 0x00, 0x00, 0x00, 0x00,
    0x00, 0x00, 0x00, 0x00, 0x00, 0x00, 0x00, 0x00, 0x00, 0x00, 0x00, 0x00, 0x00, 0x00, 0x00, 0x00,
    0x01, 0x00, 0x00, 0x00, 0x11, 0x08, 0x00, 0x40, 0x73, 0x74, 0x72, 0x75, 0x63, 0x74, 0x2e, 0x47,
    0x46, 0x58, 0x32, 0x30, 0x5f, 0x4d, 0x49, 0x5f, 0x42, 0x41, 0x54, 0x43, 0x48, 0x5f, 0x42, 0x55,
    0x46, 0x46, 0x45, 0x52, 0x5f, 0x53, 0x54, 0x41, 0x52, 0x54, 0x00, 0x00, 0x40, 0x02, 0x00, 0x00,
    0x66, 0x69, 0x65, 0x6c, 0x64, 0x30, 0x00, 0x00, 0xff, 0xff, 0xff, 0xff, 0x00, 0x00, 0x00, 0x00,
    0x00, 0x00, 0x00, 0x00, 0x00, 0x00, 0x00, 0x00, 0x00, 0x00, 0x00, 0x00, 0x00, 0x00, 0x00, 0x00,
    0x00, 0x00, 0x00, 0x00, 0x40, 0x02, 0x00, 0x00, 0x66, 0x69, 0x65, 0x6c, 0x64, 0x31, 0x00, 0x00,
    0xff, 0xff, 0xff, 0xff, 0x00, 0x00, 0x00, 0x00, 0x04, 0x00, 0x00, 0x00, 0x00, 0x00, 0x00, 0x00,
    0x00, 0x00, 0x00, 0x00, 0x00, 0x00, 0x00, 0x00, 0x00, 0x00, 0x00, 0x00, 0x45, 0x02, 0x00, 0x00,
    0x66, 0x69, 0x65, 0x6c, 0x64, 0x32, 0x00, 0x00, 0xff, 0xff, 0xff, 0xff, 0x00, 0x00, 0x00, 0x00,
    0x08, 0x00, 0x00, 0x00, 0x00, 0x00, 0x00, 0x00, 0x00, 0x00, 0x00, 0x00, 0x00, 0x00, 0x00, 0x00,
    0x00, 0x00, 0x00, 0x00, 0x45, 0x02, 0x00, 0x00, 0x66, 0x69, 0x65, 0x6c, 0x64, 0x33, 0x00, 0x00,
    0xff, 0xff, 0xff, 0xff, 0x00, 0x00, 0x00, 0x00, 0x09, 0x00, 0x00, 0x00, 0x00, 0x00, 0x00, 0x00,
    0x00, 0x00, 0x00, 0x00, 0x00, 0x00, 0x00, 0x00, 0x00, 0x00, 0x00, 0x00, 0x40, 0x02, 0x00, 0x00,
    0x66, 0x69, 0x65, 0x6c, 0x64, 0x34, 0x00, 0x00, 0xff, 0xff, 0xff, 0xff, 0x00, 0x00, 0x00, 0x00,
    0x0c, 0x00, 0x00, 0x00, 0x00, 0x00, 0x00, 0x00, 0x00, 0x00, 0x00, 0x00, 0x00, 0x00, 0x00, 0x00,
    0x00, 0x00, 0x00, 0x00, 0x40, 0x02, 0x00, 0x00, 0x66, 0x69, 0x65, 0x6c, 0x64, 0x35, 0x00, 0x00,
    0xff, 0xff, 0xff, 0xff, 0x00, 0x00, 0x00, 0x00, 0x10, 0x00, 0x00, 0x00, 0x00, 0x00, 0x00, 0x00,
    0x00, 0x00, 0x00, 0x00, 0x00, 0x00, 0x00, 0x00, 0x00, 0x00, 0x00, 0x00, 0x40, 0x02, 0x00, 0x00,
    0x66, 0x69, 0x65, 0x6c, 0x64, 0x36, 0x00, 0x00, 0xff, 0xff, 0xff, 0xff, 0x00, 0x00, 0x00, 0x00,
    0x14, 0x00, 0x00, 0x00, 0x00, 0x00, 0x00, 0x00, 0x00, 0x00, 0x00, 0x00, 0x00, 0x00, 0x00, 0x00,
    0x00, 0x00, 0x00, 0x00, 0x49, 0x02, 0x00, 0x00, 0x66, 0x69, 0x65, 0x6c, 0x64, 0x37, 0x00, 0x00,
    0xff, 0xff, 0xff, 0xff, 0x00, 0x00, 0x00, 0x00, 0x18, 0x00, 0x00, 0x00, 0x00, 0x00, 0x00, 0x00,
    0x00, 0x00, 0x00, 0x00, 0x00, 0x00, 0x00, 0x00, 0x00, 0x00, 0x00, 0x00, 0x76, 0x00, 0x00, 0x80,
    0x00, 0x00, 0x00, 0x00, 0x00, 0x00, 0x00, 0x00, 0x00, 0x00, 0x00, 0x00, 0x00, 0x00, 0x00, 0x00,
    0x00, 0x00, 0x00, 0x00, 0x00, 0x00, 0x00, 0x00, 0x00, 0x00, 0xff, 0xff, 0xff, 0xff, 0x08, 0x00,
    0x00, 0x00, 0x48, 0x04, 0x00, 0x00, 0x00, 0x00, 0x00, 0x00, 0x00, 0x00, 0x00, 0x00, 0x00, 0x00,
    0x00, 0x00, 0x00, 0x00, 0x00, 0x00, 0x00, 0x00, 0x01, 0x28, 0x00, 0x00, 0x76, 0x00, 0x00, 0x00,
    0x00, 0x00, 0x20, 0x00, 0x09, 0x00, 0x00, 0x00, 0x00, 0x00, 0x00, 0x00, 0x00, 0x00, 0x00, 0x00,
    0x1f, 0x00, 0x00, 0x00, 0x14, 0x15, 0x00, 0xf2, 0x14, 0x15, 0x01, 0xf2, 0x14, 0x15, 0x02, 0xf2,
    0x14, 0x15, 0x03, 0xe2, 0x14, 0x15, 0x04, 0xf2, 0x14, 0x15, 0x05, 0xe2, 0x14, 0x15, 0x06, 0xe2,
    0x14, 0x15, 0x07, 0xe2, 0x14, 0x15, 0x08, 0xe2, 0x14, 0x15, 0x09, 0xf2, 0x14, 0x15, 0x0a, 0xf2,
    0x14, 0x15, 0x0b, 0xe2, 0x05, 0x56, 0x00, 0x00, 0x00, 0x50, 0x28, 0xe2, 0xb5, 0x02, 0xba, 0x02,
    0x05, 0x96, 0x00, 0x00, 0x00, 0xa0, 0x33, 0xe2, 0xbb, 0x02, 0xba, 0x02, 0x05, 0x76, 0x00, 0x00,
    0x00, 0x50, 0x28, 0xe2, 0xb5, 0x02, 0xbe, 0x02, 0x00, 0xa0, 0x30, 0xe2, 0xb3, 0x02, 0xb9, 0x02,
    0x05, 0x97, 0x00, 0x00, 0x00, 0x80, 0x32, 0xe2, 0xb9, 0x02, 0xbd, 0x02, 0x00, 0x10, 0x37, 0xf2,
    0xc2, 0x02, 0x00, 0x00, 0x00, 0xa0, 0x70, 0xf2, 0xc1, 0x02, 0xc3, 0x02, 0xae, 0x02, 0xc4, 0x02,
    0x00, 0x80, 0x32, 0xe2, 0xc0, 0x02, 0xb1, 0x02, 0x00, 0x10, 0x37, 0xf2, 0xc6, 0x02, 0x00, 0x00,
    0x05, 0x16, 0x01, 0x00, 0x00, 0xa0, 0x33, 0xe2, 0xb9, 0x02, 0xbe, 0x02, 0x00, 0x10, 0x37, 0xf2,
    0xc9, 0x02, 0x00, 0x00, 0x05, 0x0f, 0x00, 0x00, 0x00, 0xe0, 0x32, 0x92, 0xb2, 0x02, 0xcb, 0x02,
    0x01, 0x00, 0x00, 0x00, 0x30, 0x0b, 0x00, 0x00, 0x00, 0x00, 0x00, 0x00, 0x01, 0x00, 0x00, 0x00,
    0x00, 0x00, 0x00, 0x00, 0x00, 0x00, 0x00, 0x00, 0x02, 0x00, 0x00, 0x00, 0x64, 0x51, 0x00, 0xe2,
    0xc8, 0x0a, 0x00, 0x00, 0x00, 0x04, 0x00, 0x00, 0x00, 0xe0, 0x38, 0xe2, 0xb4, 0x02, 0xce, 0x02,
    0x01, 0x00, 0x00, 0x00, 0x00, 0x00, 0x00, 0x00, 0x00, 0x00, 0x00, 0x00, 0x00, 0x00, 0x00, 0x00,
    0x00, 0x00, 0x00, 0x00, 0x00, 0x00, 0x00, 0x00, 0x03, 0x00, 0x00, 0x00, 0x28, 0x00, 0x00, 0xe2,
    0xcf, 0x02, 0x00, 0x00, 0xcd, 0x02, 0x00, 0x00, 0xb4, 0x02, 0x00, 0x00, 0xd0, 0x02, 0x00, 0x00,
    0x05, 0x0e, 0x00, 0x00, 0x00, 0x10, 0x31, 0x92, 0xb9, 0x02, 0xd3, 0x02, 0x01, 0x00, 0x00, 0x00,
    0x50, 0x0b, 0x00, 0x00, 0x00, 0x00, 0x00, 0x00, 0x01, 0x00, 0x00, 0x00, 0x00, 0x00, 0x00, 0x00,
    0x00, 0x00, 0x00, 0x00, 0x02, 0x00, 0x00, 0x00, 0x05, 0x06, 0x00, 0x00, 0x00, 0x01, 0x80, 0x02,
    0xf4, 0x64, 0x00, 0x00, 0x58, 0x0b, 0x00, 0x00, 0xb8, 0x0a, 0x00, 0x00, 0x01, 0x00, 0x04, 0x00,
    0x01, 0x00, 0x00, 0x00, 0x00, 0x00, 0x00, 0x00, 0x00, 0x00, 0x00, 0x00, 0x00, 0x00, 0x00, 0x00,
    0x00, 0x00, 0x00, 0x00, 0x00, 0x00, 0x00, 0x00, 0x01, 0x00, 0x00, 0x00, 0x00, 0x60, 0x38, 0x92,
    0xc0, 0x02, 0xd2, 0x02, 0x01, 0x00, 0x00, 0x00, 0x64, 0x0b, 0x00, 0x00, 0x00, 0x00, 0x00, 0x00,
    0x03, 0x00, 0x00, 0x00, 0x00, 0x00, 0x00, 0x00, 0x00, 0x00, 0x00, 0x00, 0x0e, 0x00, 0x00, 0x00,
    0x05, 0x36, 0x00, 0x00, 0x00, 0xd0, 0x30, 0xe2, 0xb5, 0x02, 0xdb, 0x02, 0x00, 0xe0, 0x32, 0x92,
    0xdc, 0x02, 0xd3, 0x02, 0x00, 0xd0, 0x30, 0xe2, 0xb5, 0x02, 0xba, 0x02, 0x00, 0xe0, 0x32, 0x92,
    0xde, 0x02, 0xd3, 0x02, 0x05, 0x16, 0x08, 0x00, 0x00, 0xd0, 0x30, 0xe2, 0xb5, 0x02, 0xe0, 0x02,
    0x00, 0xe0, 0x32, 0x92, 0xe1, 0x02, 0xd3, 0x02, 0x00, 0xd0, 0x30, 0xe2, 0xb5, 0x02, 0xc8, 0x02,
    0x00, 0xe0, 0x32, 0x92, 0xe3, 0x02, 0xd3, 0x02, 0x00, 0xd0, 0x30, 0xe2, 0xb5, 0x02, 0xbc, 0x02,
    0x00, 0xe0, 0x32, 0x92, 0xe5, 0x02, 0xd3, 0x02, 0x00, 0x50, 0x28, 0xe2, 0xb5, 0x02, 0xdb, 0x02,
    0x00, 0x30, 0x33, 0x92, 0xdd, 0x02, 0x00, 0x00, 0x01, 0x00, 0x00, 0x00, 0xa0, 0x0b, 0x00, 0x00,
    0x00, 0x00, 0x00, 0x00, 0x03, 0x00, 0x00, 0x00, 0x00, 0x00, 0x00, 0x00, 0x00, 0x00, 0x00, 0x00,
    0x04, 0x00, 0x00, 0x00, 0x05, 0x17, 0x01, 0x00, 0x00, 0xa0, 0x30, 0xf2, 0xc7, 0x02, 0xea, 0x02,
    0x00, 0xc0, 0x38, 0xe2, 0xe3, 0x02, 0xe5, 0x02, 0x00, 0xe0, 0x32, 0x92, 0xec, 0x02, 0xd3, 0x02,
    0x01, 0x00, 0x00, 0x00, 0xb4, 0x0b, 0x00, 0x00, 0x00, 0x00, 0x00, 0x00, 0x05, 0x00, 0x00, 0x00,
    0x00, 0x00, 0x00, 0x00, 0x00, 0x00, 0x00, 0x00, 0x08, 0x00, 0x00, 0x00, 0x05, 0x16, 0x02, 0x00,
    0x05, 0x77, 0x00, 0x00, 0x05, 0x06, 0x00, 0x00, 0x03, 0x00, 0x08, 0x78, 0xf4, 0x64, 0x00, 0x00,
    0xc4, 0x0b, 0x00, 0x00, 0x14, 0x0b, 0x00, 0x00, 0x01, 0x00, 0x04, 0x00, 0x05, 0x37, 0x00, 0x00,
    0x05, 0x56, 0x00, 0x00, 0x00, 0xa0, 0x33, 0xf2, 0xf2, 0x02, 0xf3, 0x02, 0x00, 0xa0, 0x30, 0xf2,
    0xc5, 0x02, 0xf4, 0x02, 0x01, 0x00, 0x00, 0x00, 0x90, 0x0b, 0x00, 0x00, 0x00, 0x00, 0x00, 0x00,
    0x01, 0x00, 0x00, 0x00, 0x00, 0x00, 0x00, 0x00, 0x00, 0x00, 0x00, 0x00, 0x2c, 0x00, 0x00, 0x00,
    0x00, 0xa0, 0x30, 0xe2, 0xbf, 0x02, 0xdb, 0x02, 0x00, 0xa0, 0x30, 0xf2, 0xaf, 0x02, 0xeb, 0x02,
    0x00, 0x10, 0x31, 0x92, 0xf8, 0x02, 0xcb, 0x02, 0x00, 0x40, 0x22, 0xf2, 0xf9, 0x02, 0x00, 0x00,
    0x05, 0xb6, 0x01, 0x00, 0x00, 0xa0, 0x33, 0xf2, 0xfa, 0x02, 0xfb, 0x02, 0x00, 0xd0, 0x39, 0xe2,
    0xfc, 0x02, 0x00, 0x00, 0x05, 0x4e, 0x00, 0x00, 0x00, 0x70, 0x33, 0xe2, 0xfd, 0x02, 0xfe, 0x02,
    0x00, 0xe0, 0x39, 0xe2, 0xfc, 0x02, 0x00, 0x00, 0x00, 0x00, 0x35, 0xf2, 0xff, 0x02, 0x00, 0x03,
    0x00, 0x10, 0x37, 0xf2, 0xe7, 0x02, 0x00, 0x00, 0x00, 0xa0, 0x33, 0xf2, 0x02, 0x03, 0xef, 0x02,
    0x00, 0x70, 0x33, 0xf2, 0x01, 0x03, 0x03, 0x03, 0x00, 0xd0, 0x39, 0xe2, 0x04, 0x03, 0x00, 0x00,
    0x05, 0x0e, 0x00, 0x02, 0x00, 0x70, 0x33, 0xe2, 0x05, 0x03, 0x06, 0x03, 0x00, 0xe0, 0x39, 0xe2,
    0x04, 0x03, 0x00, 0x00, 0x00, 0x00, 0x35, 0xf2, 0x07, 0x03, 0x08, 0x03, 0x00, 0x10, 0x37, 0xf2,
    0xbf, 0x02, 0x00, 0x00, 0x05, 0x56, 0x03, 0x00, 0x00, 0xa0, 0x33, 0xf2, 0x0a, 0x03, 0x0b, 0x03,
    0x00, 0x70, 0x33, 0xf2, 0x09, 0x03, 0x0c, 0x03, 0x00, 0x00, 0x37, 0xe2, 0x0d, 0x03, 0x00, 0x00,
    0xf4, 0x64, 0x00, 0x00, 0x38, 0x0c, 0x00, 0x00, 0xd4, 0x0b, 0x00, 0x00, 0x01, 0x00, 0x04, 0x00,
    0x00, 0x00, 0x37, 0xe2, 0xf8, 0x02, 0x00, 0x00, 0x05, 0x57, 0x00, 0x00, 0x05, 0x56, 0x00, 0x00,
    0x00, 0xa0, 0x33, 0xf2, 0x10, 0x03, 0x11, 0x03, 0x00, 0xa0, 0x30, 0xf2, 0xc5, 0x02, 0x12, 0x03,
    0xf4, 0x64, 0x00, 0x00, 0x3c, 0x0c, 0x00, 0x00, 0x4c, 0x0c, 0x00, 0x00, 0x01, 0x00, 0x04, 0x00,
    0x00, 0xe0, 0x39, 0xe2, 0xf8, 0x02, 0x00, 0x00, 0x05, 0x56, 0x00, 0x00, 0x00, 0xa0, 0x33, 0xf2,
    0xf0, 0x02, 0x15, 0x03, 0x00, 0xa0, 0x30, 0xf2, 0xc5, 0x02, 0x16, 0x03, 0xf4, 0x64, 0x00, 0x00,
    0x50, 0x0c, 0x00, 0x00, 0x5c, 0x0c, 0x00, 0x00, 0x01, 0x00, 0x04, 0x00, 0x05, 0x56, 0x00, 0x00,
    0x00, 0xa0, 0x33, 0xf2, 0xc1, 0x02, 0x18, 0x03, 0x00, 0xa0, 0x30, 0xf2, 0xc5, 0x02, 0x19, 0x03,
    0xf4, 0x64, 0x00, 0x00, 0x20, 0x0b, 0x00, 0x00, 0x68, 0x0c, 0x00, 0x00, 0x01, 0x00, 0x04, 0x00,
    0x05, 0xb7, 0x00, 0x00, 0x05, 0x56, 0x00, 0x00, 0x00, 0xa0, 0x33, 0xf2, 0x1b, 0x03, 0x1c, 0x03,
    0x00, 0xa0, 0x30, 0xf2, 0xc5, 0x02, 0x1d, 0x03, 0x01, 0x00, 0x00, 0x00, 0x00, 0x00, 0x00, 0x00,
    0x00, 0x00, 0x00, 0x00, 0x00, 0x00, 0x00, 0x00, 0x00, 0x00, 0x00, 0x00, 0x00, 0x00, 0x00, 0x00,
    0x02, 0x00, 0x00, 0x00, 0x28, 0x00, 0x00, 0xe2, 0xf7, 0x02, 0x00, 0x00, 0xf6, 0x02, 0x00, 0x00,
    0xbf, 0x02, 0x00, 0x00, 0x1f, 0x03, 0x00, 0x00, 0x28, 0x00, 0x00, 0xf2, 0x1e, 0x03, 0x00, 0x00,
    0xf6, 0x02, 0x00, 0x00, 0xf5, 0x02, 0x00, 0x00, 0x1f, 0x03, 0x00, 0x00, 0x01, 0x00, 0x00, 0x00,
    0x98, 0x0b, 0x00, 0x00, 0x00, 0x00, 0x00, 0x00, 0x01, 0x00, 0x00, 0x00, 0x00, 0x00, 0x00, 0x00,
    0x00, 0x00, 0x00, 0x00, 0x30, 0x00, 0x00, 0x00, 0x00, 0xa0, 0x30, 0xf2, 0xb0, 0x02, 0xca, 0x02,
    0xf4, 0x64, 0x00, 0x00, 0x00, 0x0b, 0x00, 0x00, 0x90, 0x0c, 0x00, 0x00, 0x01, 0x00, 0x04, 0x00,
    0x00, 0x20, 0x33, 0xe2, 0xdc, 0x02, 0x00, 0x00, 0x05, 0x56, 0x00, 0x00, 0x00, 0xa0, 0x33, 0xf2,
    0xf2, 0x02, 0x26, 0x03, 0x00, 0xa0, 0x30, 0xf2, 0x24, 0x03, 0x27, 0x03, 0xf4, 0x64, 0x00, 0x00,
    0x94, 0x0c, 0x00, 0x00, 0xa0, 0x0c, 0x00, 0x00, 0x01, 0x00, 0x04, 0x00, 0x00, 0x10, 0x31, 0x92,
    0x24, 0x03, 0xcb, 0x02, 0x00, 0x40, 0x22, 0xf2, 0x29, 0x03, 0x00, 0x00, 0x05, 0xb6, 0x01, 0x00,
    0x00, 0xa0, 0x33, 0xf2, 0x2a, 0x03, 0x2b, 0x03, 0x00, 0xd0, 0x39, 0xe2, 0x2c, 0x03, 0x00, 0x00,
    0x05, 0x4e, 0x00, 0x00, 0x00, 0x70, 0x33, 0xe2, 0x2d, 0x03, 0x2e, 0x03, 0x00, 0xe0, 0x39, 0xe2,
    0x2c, 0x03, 0x00, 0x00, 0x00, 0x00, 0x35, 0xf2, 0x2f, 0x03, 0x30, 0x03, 0x00, 0x10, 0x37, 0xf2,
    0xe7, 0x02, 0x00, 0x00, 0x00, 0xa0, 0x33, 0xf2, 0x32, 0x03, 0xef, 0x02, 0x00, 0x70, 0x33, 0xf2,
    0x31, 0x03, 0x33, 0x03, 0x00, 0xd0, 0x39, 0xe2, 0x34, 0x03, 0x00, 0x00, 0x05, 0x0e, 0x00, 0x02,
    0x00, 0x70, 0x33, 0xe2, 0x35, 0x03, 0x36, 0x03, 0x00, 0xe0, 0x39, 0xe2, 0x34, 0x03, 0x00, 0x00,
    0x00, 0x00, 0x35, 0xf2, 0x37, 0x03, 0x38, 0x03, 0x00, 0x10, 0x37, 0xf2, 0x21, 0x03, 0x00, 0x00,
    0x05, 0x56, 0x03, 0x00, 0x00, 0xa0, 0x33, 0xf2, 0x3a, 0x03, 0x3b, 0x03, 0x00, 0x70, 0x33, 0xf2,
    0x39, 0x03, 0x3c, 0x03, 0x00, 0x00, 0x37, 0xe2, 0x3d, 0x03, 0x00, 0x00, 0xf4, 0x64, 0x00, 0x00,
    0xf8, 0x0c, 0x00, 0x00, 0x88, 0x0c, 0x00, 0x00, 0x01, 0x00, 0x04, 0x00, 0x00, 0x00, 0x37, 0xe2,
    0x24, 0x03, 0x00, 0x00, 0x05, 0x56, 0x00, 0x00, 0x00, 0xa0, 0x33, 0xf2, 0xf2, 0x02, 0x40, 0x03,
    0x00, 0xa0, 0x30, 0xf2, 0x22, 0x03, 0x41, 0x03, 0xf4, 0x64, 0x00, 0x00, 0xfc, 0x0c, 0x00, 0x00,
    0x08, 0x0d, 0x00, 0x00, 0x01, 0x00, 0x04, 0x00, 0x00, 0xe0, 0x39, 0xe2, 0x24, 0x03, 0x00, 0x00,
    0x05, 0x57, 0x00, 0x00, 0x05, 0x56, 0x00, 0x00, 0x00, 0xa0, 0x33, 0xf2, 0x44, 0x03, 0x45, 0x03,
    0x00, 0xa0, 0x30, 0xf2, 0x22, 0x03, 0x46, 0x03, 0xf4, 0x64, 0x00, 0x00, 0x0c, 0x0d, 0x00, 0x00,
    0x1c, 0x0d, 0x00, 0x00, 0x01, 0x00, 0x04, 0x00, 0x05, 0x56, 0x00, 0x00, 0x00, 0xa0, 0x33, 0xf2,
    0xf0, 0x02, 0x48, 0x03, 0x00, 0xa0, 0x30, 0xf2, 0x22, 0x03, 0x49, 0x03, 0xf4, 0x64, 0x00, 0x00,
    0x20, 0x0b, 0x00, 0x00, 0x28, 0x0d, 0x00, 0x00, 0x01, 0x00, 0x04, 0x00, 0x05, 0x56, 0x00, 0x00,
    0x00, 0xa0, 0x33, 0xf2, 0xc1, 0x02, 0x4b, 0x03, 0x00, 0xa0, 0x30, 0xf2, 0x22, 0x03, 0x4c, 0x03,
    0x01, 0x00, 0x00, 0x00, 0x00, 0x00, 0x00, 0x00, 0x00, 0x00, 0x00, 0x00, 0x00, 0x00, 0x00, 0x00,
    0x00, 0x00, 0x00, 0x00, 0x00, 0x00, 0x00, 0x00, 0x01, 0x00, 0x00, 0x00, 0x28, 0x00, 0x00, 0xf2,
    0x4d, 0x03, 0x00, 0x00, 0x23, 0x03, 0x00, 0x00, 0x22, 0x03, 0x00, 0x00, 0x4e, 0x03, 0x00, 0x00,
    0x01, 0x00, 0x00, 0x00, 0x00, 0x00, 0x00, 0x00, 0x00, 0x00, 0x00, 0x00, 0x00, 0x00, 0x00, 0x00,
    0x00, 0x00, 0x00, 0x00, 0x00, 0x00, 0x00, 0x00, 0x3b, 0x00, 0x00, 0x00, 0x28, 0x00, 0x00, 0xf2,
    0x50, 0x03, 0x00, 0x00, 0x4f, 0x03, 0x00, 0x00, 0xc5, 0x02, 0x00, 0x00, 0x51, 0x03, 0x00, 0x00,
    0x00, 0xa0, 0x30, 0xf2, 0xaf, 0x02, 0xc7, 0x02, 0x64, 0x51, 0x00, 0xe2, 0x50, 0x0d, 0x00, 0x00,
    0x00, 0x04, 0x00, 0x00, 0x05, 0x97, 0x00, 0x00, 0x00, 0xa0, 0x30, 0xf2, 0x54, 0x03, 0x56, 0x03,
    0x64, 0x51, 0x00, 0xe2, 0x5c, 0x0d, 0x00, 0x00, 0x00, 0x04, 0x00, 0x00, 0x05, 0x17, 0x01, 0x00,
    0x00, 0xa0, 0x30, 0xf2, 0x54, 0x03, 0x59, 0x03, 0x64, 0x51, 0x00, 0xe2, 0x68, 0x0d, 0x00, 0x00,
    0x00, 0x04, 0x00, 0x00, 0x05, 0x97, 0x01, 0x00, 0x00, 0xa0, 0x30, 0xf2, 0x54, 0x03, 0x5c, 0x03,
    0x64, 0x51, 0x00, 0xe2, 0x74, 0x0d, 0x00, 0x00, 0x00, 0x04, 0x00, 0x00, 0x05, 0xb7, 0x00, 0x00,
    0x05, 0x37, 0x00, 0x00, 0x00, 0x40, 0x22, 0xf2, 0xdf, 0x02, 0x00, 0x00, 0x00, 0xa0, 0x33, 0xf2,
    0x61, 0x03, 0xc8, 0x02, 0x00, 0xd0, 0x39, 0xe2, 0x62, 0x03, 0x00, 0x00, 0x05, 0xb6, 0x00, 0x00,
    0x00, 0x70, 0x33, 0xe2, 0x63, 0x03, 0x64, 0x03, 0x00, 0xe0, 0x39, 0xe2, 0x62, 0x03, 0x00, 0x00,
    0x00, 0x00, 0x35, 0xf2, 0x65, 0x03, 0x66, 0x03, 0x00, 0x40, 0x22, 0xf2, 0xe2, 0x02, 0x00, 0x00,
    0x05, 0xb6, 0x01, 0x00, 0x00, 0xa0, 0x33, 0xf2, 0x68, 0x03, 0x69, 0x03, 0x00, 0x70, 0x33, 0xf2,
    0x67, 0x03, 0x6a, 0x03, 0x05, 0x77, 0x00, 0x00, 0x00, 0xd0, 0x39, 0xe2, 0x6b, 0x03, 0x00, 0x00,
    0x05, 0x0e, 0x00, 0x7b, 0x00, 0x70, 0x33, 0xe2, 0x6e, 0x03, 0x6d, 0x03, 0xf4, 0x64, 0x00, 0x00,
    0xbc, 0x0d, 0x00, 0x00, 0x4c, 0x0d, 0x00, 0x00, 0x01, 0x00, 0x04, 0x00, 0x00, 0x40, 0x22, 0xf2,
    0xdd, 0x02, 0x00, 0x00, 0x00, 0xa0, 0x33, 0xf2, 0x70, 0x03, 0xc8, 0x02, 0x00, 0x00, 0x37, 0xe2,
    0x71, 0x03, 0x00, 0x00, 0x05, 0x56, 0x00, 0x00, 0x00, 0xa0, 0x33, 0xf2, 0x60, 0x03, 0x73, 0x03,
    0x00, 0xa0, 0x30, 0xf2, 0x53, 0x03, 0x74, 0x03, 0xf4, 0x64, 0x00, 0x00, 0xc8, 0x0d, 0x00, 0x00,
    0xd4, 0x0d, 0x00, 0x00, 0x01, 0x00, 0x04, 0x00, 0x05, 0x57, 0x00, 0x00, 0x05, 0x56, 0x00, 0x00,
    0x00, 0xa0, 0x33, 0xf2, 0x76, 0x03, 0x77, 0x03, 0x00, 0xa0, 0x30, 0xf2, 0x53, 0x03, 0x78, 0x03,
    0xf4, 0x64, 0x00, 0x00, 0x54, 0x0d, 0x00, 0x00, 0xe4, 0x0d, 0x00, 0x00, 0x01, 0x00, 0x04, 0x00,
    0x05, 0x56, 0x00, 0x00, 0x00, 0xa0, 0x33, 0xf2, 0x6c, 0x03, 0x7a, 0x03, 0x00, 0xa0, 0x30, 0xf2,
    0x53, 0x03, 0x7b, 0x03, 0xf4, 0x64, 0x00, 0x00, 0x6c, 0x0d, 0x00, 0x00, 0xf0, 0x0d, 0x00, 0x00,
    0x01, 0x00, 0x04, 0x00, 0x05, 0x56, 0x00, 0x00, 0x00, 0xa0, 0x33, 0xf2, 0xc1, 0x02, 0x7d, 0x03,
    0x00, 0xa0, 0x30, 0xf2, 0x53, 0x03, 0x7e, 0x03, 0xf4, 0x64, 0x00, 0x00, 0x60, 0x0d, 0x00, 0x00,
    0xfc, 0x0d, 0x00, 0x00, 0x01, 0x00, 0x04, 0x00, 0x05, 0x56, 0x00, 0x00, 0x00, 0xa0, 0x33, 0xf2,
    0x5f, 0x03, 0x80, 0x03, 0x00, 0xa0, 0x30, 0xf2, 0x53, 0x03, 0x81, 0x03, 0xf4, 0x64, 0x00, 0x00,
    0x78, 0x0d, 0x00, 0x00, 0x08, 0x0e, 0x00, 0x00, 0x01, 0x00, 0x04, 0x00, 0x05, 0xd7, 0x00, 0x00,
    0x05, 0x56, 0x00, 0x00, 0x00, 0xa0, 0x33, 0xf2, 0x83, 0x03, 0x84, 0x03, 0x00, 0xa0, 0x30, 0xf2,
    0x53, 0x03, 0x85, 0x03, 0xf4, 0x64, 0x00, 0x00, 0x4c, 0x0b, 0x00, 0x00, 0x18, 0x0e, 0x00, 0x00,
    0x01, 0x00, 0x04, 0x00, 0x03, 0x00, 0x00, 0x00, 0x00, 0x00, 0x00, 0x00, 0x00, 0x00, 0x00, 0x00,
    0x04, 0x00, 0x00, 0x00, 0x05, 0x97, 0x01, 0x00, 0x00, 0xa0, 0x30, 0xf2, 0xc7, 0x02, 0x88, 0x03,
    0x00, 0xc0, 0x38, 0xe2, 0xe3, 0x02, 0xe5, 0x02, 0x00, 0xe0, 0x32, 0x92, 0x8a, 0x03, 0xd3, 0x02,
    0x01, 0x00, 0x00, 0x00, 0x2c, 0x0e, 0x00, 0x00, 0x00, 0x00, 0x00, 0x00, 0x05, 0x00, 0x00, 0x00,
    0x00, 0x00, 0x00, 0x00, 0x00, 0x00, 0x00, 0x00, 0x08, 0x00, 0x00, 0x00, 0x05, 0x16, 0x02, 0x00,
    0x05, 0x77, 0x00, 0x00, 0x05, 0x06, 0x00, 0x00, 0x03, 0x00, 0x08, 0x78, 0xf4, 0x64, 0x00, 0x00,
    0x3c, 0x0e, 0x00, 0x00, 0x14, 0x0b, 0x00, 0x00, 0x01, 0x00, 0x04, 0x00, 0x05, 0x37, 0x00, 0x00,
    0x05, 0x56, 0x00, 0x00, 0x00, 0xa0, 0x33, 0xf2, 0x90, 0x03, 0x91, 0x03, 0x00, 0xa0, 0x30, 0xf2,
    0xc5, 0x02, 0x92, 0x03, 0x01, 0x00, 0x00, 0x00, 0x90, 0x0b, 0x00, 0x00, 0x00, 0x00, 0x00, 0x00,
    0x01, 0x00, 0x00, 0x00, 0x00, 0x00, 0x00, 0x00, 0x00, 0x00, 0x00, 0x00, 0x2c, 0x00, 0x00, 0x00,
    0x00, 0xa0, 0x30, 0xe2, 0xbf, 0x02, 0xdb, 0x02, 0x00, 0xa0, 0x30, 0xf2, 0xaf, 0x02, 0x89, 0x03,
    0x00, 0x10, 0x31, 0x92, 0x96, 0x03, 0xcb, 0x02, 0x00, 0x40, 0x22, 0xf2, 0x97, 0x03, 0x00, 0x00,
    0x05, 0xb6, 0x01, 0x00, 0x00, 0xa0, 0x33, 0xf2, 0x98, 0x03, 0x99, 0x03, 0x00, 0xd0, 0x39, 0xe2,
    0x9a, 0x03, 0x00, 0x00, 0x05, 0x4e, 0x00, 0x00, 0x00, 0x70, 0x33, 0xe2, 0x9b, 0x03, 0x9c, 0x03,
    0x00, 0xe0, 0x39, 0xe2, 0x9a, 0x03, 0x00, 0x00, 0x00, 0x00, 0x35, 0xf2, 0x9d, 0x03, 0x9e, 0x03,
    0x00, 0x10, 0x37, 0xf2, 0xe7, 0x02, 0x00, 0x00, 0x00, 0xa0, 0x33, 0xf2, 0xa0, 0x03, 0x8d, 0x03,
    0x00, 0x70, 0x33, 0xf2, 0x9f, 0x03, 0xa1, 0x03, 0x00, 0xd0, 0x39, 0xe2, 0xa2, 0x03, 0x00, 0x00,
    0x05, 0x0e, 0x00, 0x02, 0x00, 0x70, 0x33, 0xe2, 0xa3, 0x03, 0xa4, 0x03, 0x00, 0xe0, 0x39, 0xe2,
    0xa2, 0x03, 0x00, 0x00, 0x00, 0x00, 0x35, 0xf2, 0xa5, 0x03, 0xa6, 0x03, 0x00, 0x10, 0x37, 0xf2,
    0xbf, 0x02, 0x00, 0x00, 0x05, 0x56, 0x03, 0x00, 0x00, 0xa0, 0x33, 0xf2, 0xa8, 0x03, 0xa9, 0x03,
    0x00, 0x70, 0x33, 0xf2, 0xa7, 0x03, 0xaa, 0x03, 0x00, 0x00, 0x37, 0xe2, 0xab, 0x03, 0x00, 0x00,
    0xf4, 0x64, 0x00, 0x00, 0xb0, 0x0e, 0x00, 0x00, 0x4c, 0x0e, 0x00, 0x00, 0x01, 0x00, 0x04, 0x00,
    0x00, 0x00, 0x37, 0xe2, 0x96, 0x03, 0x00, 0x00, 0x05, 0x57, 0x00, 0x00, 0x05, 0x56, 0x00, 0x00,
    0x00, 0xa0, 0x33, 0xf2, 0xae, 0x03, 0xaf, 0x03, 0x00, 0xa0, 0x30, 0xf2, 0xc5, 0x02, 0xb0, 0x03,
    0xf4, 0x64, 0x00, 0x00, 0xb4, 0x0e, 0x00, 0x00, 0xc4, 0x0e, 0x00, 0x00, 0x01, 0x00, 0x04, 0x00,
    0x00, 0xe0, 0x39, 0xe2, 0x96, 0x03, 0x00, 0x00, 0x05, 0x56, 0x00, 0x00, 0x00, 0xa0, 0x33, 0xf2,
    0x8e, 0x03, 0xb3, 0x03, 0x00, 0xa0, 0x30, 0xf2, 0xc5, 0x02, 0xb4, 0x03, 0xf4, 0x64, 0x00, 0x00,
    0xc8, 0x0e, 0x00, 0x00, 0xd4, 0x0e, 0x00, 0x00, 0x01, 0x00, 0x04, 0x00, 0x05, 0x56, 0x00, 0x00,
    0x00, 0xa0, 0x33, 0xf2, 0xc1, 0x02, 0xb6, 0x03, 0x00, 0xa0, 0x30, 0xf2, 0xc5, 0x02, 0xb7, 0x03,
    0xf4, 0x64, 0x00, 0x00, 0x20, 0x0b, 0x00, 0x00, 0xe0, 0x0e, 0x00, 0x00, 0x01, 0x00, 0x04, 0x00,
    0x05, 0xb7, 0x00, 0x00, 0x05, 0x56, 0x00, 0x00, 0x00, 0xa0, 0x33, 0xf2, 0xb9, 0x03, 0xba, 0x03,
    0x00, 0xa0, 0x30, 0xf2, 0xc5, 0x02, 0xbb, 0x03, 0x01, 0x00, 0x00, 0x00, 0x00, 0x00, 0x00, 0x00,
    0x00, 0x00, 0x00, 0x00, 0x00, 0x00, 0x00, 0x00, 0x00, 0x00, 0x00, 0x00, 0x00, 0x00, 0x00, 0x00,
    0x02, 0x00, 0x00, 0x00, 0x28, 0x00, 0x00, 0xe2, 0x95, 0x03, 0x00, 0x00, 0x94, 0x03, 0x00, 0x00,
    0xbf, 0x02, 0x00, 0x00, 0xbd, 0x03, 0x00, 0x00, 0x28, 0x00, 0x00, 0xf2, 0xbc, 0x03, 0x00, 0x00,
    0x94, 0x03, 0x00, 0x00, 0x93, 0x03, 0x00, 0x00, 0xbd, 0x03, 0x00, 0x00, 0x01, 0x00, 0x00, 0x00,
    0x98, 0x0b, 0x00, 0x00, 0x00, 0x00, 0x00, 0x00, 0x01, 0x00, 0x00, 0x00, 0x00, 0x00, 0x00, 0x00,
    0x00, 0x00, 0x00, 0x00, 0x30, 0x00, 0x00, 0x00, 0x00, 0xa0, 0x30, 0xf2, 0xb0, 0x02, 0xca, 0x02,
    0xf4, 0x64, 0x00, 0x00, 0x00, 0x0b, 0x00, 0x00, 0x08, 0x0f, 0x00, 0x00, 0x01, 0x00, 0x04, 0x00,
    0x00, 0x20, 0x33, 0xe2, 0xdc, 0x02, 0x00, 0x00, 0x05, 0x56, 0x00, 0x00, 0x00, 0xa0, 0x33, 0xf2,
    0x90, 0x03, 0xc4, 0x03, 0x00, 0xa0, 0x30, 0xf2, 0xc2, 0x03, 0xc5, 0x03, 0xf4, 0x64, 0x00, 0x00,
    0x0c, 0x0f, 0x00, 0x00, 0x18, 0x0f, 0x00, 0x00, 0x01, 0x00, 0x04, 0x00, 0x00, 0x10, 0x31, 0x92,
    0xc2, 0x03, 0xcb, 0x02, 0x00, 0x40, 0x22, 0xf2, 0xc7, 0x03, 0x00, 0x00, 0x05, 0xb6, 0x01, 0x00,
    0x00, 0xa0, 0x33, 0xf2, 0xc8, 0x03, 0xc9, 0x03, 0x00, 0xd0, 0x39, 0xe2, 0xca, 0x03, 0x00, 0x00,
    0x05, 0x4e, 0x00, 0x00, 0x00, 0x70, 0x33, 0xe2, 0xcb, 0x03, 0xcc, 0x03, 0x00, 0xe0, 0x39, 0xe2,
    0xca, 0x03, 0x00, 0x00, 0x00, 0x00, 0x35, 0xf2, 0xcd, 0x03, 0xce, 0x03, 0x00, 0x10, 0x37, 0xf2,
    0xe7, 0x02, 0x00, 0x00, 0x00, 0xa0, 0x33, 0xf2, 0xd0, 0x03, 0x8d, 0x03, 0x00, 0x70, 0x33, 0xf2,
    0xcf, 0x03, 0xd1, 0x03, 0x00, 0xd0, 0x39, 0xe2, 0xd2, 0x03, 0x00, 0x00, 0x05, 0x0e, 0x00, 0x02,
    0x00, 0x70, 0x33, 0xe2, 0xd3, 0x03, 0xd4, 0x03, 0x00, 0xe0, 0x39, 0xe2, 0xd2, 0x03, 0x00, 0x00,
    0x00, 0x00, 0x35, 0xf2, 0xd5, 0x03, 0xd6, 0x03, 0x00, 0x10, 0x37, 0xf2, 0xbf, 0x03, 0x00, 0x00,
    0x05, 0x56, 0x03, 0x00, 0x00, 0xa0, 0x33, 0xf2, 0xd8, 0x03, 0xd9, 0x03, 0x00, 0x70, 0x33, 0xf2,
    0xd7, 0x03, 0xda, 0x03, 0x00, 0x00, 0x37, 0xe2, 0xdb, 0x03, 0x00, 0x00, 0xf4, 0x64, 0x00, 0x00,
    0x70, 0x0f, 0x00, 0x00, 0x00, 0x0f, 0x00, 0x00, 0x01, 0x00, 0x04, 0x00, 0x00, 0x00, 0x37, 0xe2,
    0xc2, 0x03, 0x00, 0x00, 0x05, 0x56, 0x00, 0x00, 0x00, 0xa0, 0x33, 0xf2, 0x90, 0x03, 0xde, 0x03,
    0x00, 0xa0, 0x30, 0xf2, 0xc0, 0x03, 0xdf, 0x03, 0xf4, 0x64, 0x00, 0x00, 0x74, 0x0f, 0x00, 0x00,
    0x80, 0x0f, 0x00, 0x00, 0x01, 0x00, 0x04, 0x00, 0x00, 0xe0, 0x39, 0xe2, 0xc2, 0x03, 0x00, 0x00,
    0x05, 0x57, 0x00, 0x00, 0x05, 0x56, 0x00, 0x00, 0x00, 0xa0, 0x33, 0xf2, 0xe2, 0x03, 0xe3, 0x03,
    0x00, 0xa0, 0x30, 0xf2, 0xc0, 0x03, 0xe4, 0x03, 0xf4, 0x64, 0x00, 0x00, 0x84, 0x0f, 0x00, 0x00,
    0x94, 0x0f, 0x00, 0x00, 0x01, 0x00, 0x04, 0x00, 0x05, 0x56, 0x00, 0x00, 0x00, 0xa0, 0x33, 0xf2,
    0x8e, 0x03, 0xe6, 0x03, 0x00, 0xa0, 0x30, 0xf2, 0xc0, 0x03, 0xe7, 0x03, 0xf4, 0x64, 0x00, 0x00,
    0x20, 0x0b, 0x00, 0x00, 0xa0, 0x0f, 0x00, 0x00, 0x01, 0x00, 0x04, 0x00, 0x05, 0x56, 0x00, 0x00,
    0x00, 0xa0, 0x33, 0xf2, 0xc1, 0x02, 0xe9, 0x03, 0x00, 0xa0, 0x30, 0xf2, 0xc0, 0x03, 0xea, 0x03,
    0x01, 0x00, 0x00, 0x00, 0x00, 0x00, 0x00, 0x00, 0x00, 0x00, 0x00, 0x00, 0x00, 0x00, 0x00, 0x00,
    0x00, 0x00, 0x00, 0x00, 0x00, 0x00, 0x00, 0x00, 0x01, 0x00, 0x00, 0x00, 0x28, 0x00, 0x00, 0xf2,
    0xeb, 0x03, 0x00, 0x00, 0xc1, 0x03, 0x00, 0x00, 0xc0, 0x03, 0x00, 0x00, 0xec, 0x03, 0x00, 0x00,
    0x01, 0x00, 0x00, 0x00, 0x00, 0x00, 0x00, 0x00, 0x00, 0x00, 0x00, 0x00, 0x00, 0x00, 0x00, 0x00,
    0x00, 0x00, 0x00, 0x00, 0x00, 0x00, 0x00, 0x00, 0x3e, 0x00, 0x00, 0x00, 0x28, 0x00, 0x00, 0xf2,
    0xee, 0x03, 0x00, 0x00, 0xed, 0x03, 0x00, 0x00, 0xc5, 0x02, 0x00, 0x00, 0xef, 0x03, 0x00, 0x00,
    0x00, 0xa0, 0x30, 0xf2, 0xaf, 0x02, 0xc7, 0x02, 0x64, 0x51, 0x00, 0xe2, 0xc8, 0x0f, 0x00, 0x00,
    0x00, 0x04, 0x00, 0x00, 0x05, 0x97, 0x00, 0x00, 0x00, 0xa0, 0x30, 0xf2, 0xf2, 0x03, 0xf4, 0x03,
    0x64, 0x51, 0x00, 0xe2, 0xd4, 0x0f, 0x00, 0x00, 0x00, 0x04, 0x00, 0x00, 0x05, 0x17, 0x01, 0x00,
    0x00, 0xa0, 0x30, 0xf2, 0xf2, 0x03, 0xf7, 0x03, 0x64, 0x51, 0x00, 0xe2, 0xe0, 0x0f, 0x00, 0x00,
    0x00, 0x04, 0x00, 0x00, 0x05, 0x97, 0x01, 0x00, 0x00, 0xa0, 0x30, 0xf2, 0xf2, 0x03, 0xfa, 0x03,
    0x64, 0x51, 0x00, 0xe2, 0xec, 0x0f, 0x00, 0x00, 0x00, 0x04, 0x00, 0x00, 0x05, 0x17, 0x02, 0x00,
    0x00, 0xa0, 0x30, 0xf2, 0xf2, 0x03, 0xfd, 0x03, 0x64, 0x51, 0x00, 0xe2, 0xf8, 0x0f, 0x00, 0x00,
    0x00, 0x04, 0x00, 0x00, 0x05, 0xb7, 0x00, 0x00, 0x05, 0x37, 0x00, 0x00, 0x00, 0x40, 0x22, 0xf2,
    0xdf, 0x02, 0x00, 0x00, 0x00, 0xa0, 0x33, 0xf2, 0x02, 0x04, 0xc8, 0x02, 0x00, 0xd0, 0x39, 0xe2,
    0x03, 0x04, 0x00, 0x00, 0x05, 0xb6, 0x00, 0x00, 0x00, 0x70, 0x33, 0xe2, 0x04, 0x04, 0x05, 0x04,
    0x00, 0xe0, 0x39, 0xe2, 0x03, 0x04, 0x00, 0x00, 0x00, 0x00, 0x35, 0xf2, 0x06, 0x04, 0x07, 0x04,
    0x00, 0x40, 0x22, 0xf2, 0xe2, 0x02, 0x00, 0x00, 0x05, 0xb6, 0x01, 0x00, 0x00, 0xa0, 0x33, 0xf2,
    0x09, 0x04, 0x0a, 0x04, 0x00, 0x70, 0x33, 0xf2, 0x08, 0x04, 0x0b, 0x04, 0x05, 0x77, 0x00, 0x00,
    0x00, 0xd0, 0x39, 0xe2, 0x0c, 0x04, 0x00, 0x00, 0x05, 0x0e, 0x00, 0x7b, 0x00, 0x70, 0x33, 0xe2,
    0x0f, 0x04, 0x0e, 0x04, 0xf4, 0x64, 0x00, 0x00, 0x40, 0x10, 0x00, 0x00, 0xc4, 0x0f, 0x00, 0x00,
    0x01, 0x00, 0x04, 0x00, 0x00, 0x40, 0x22, 0xf2, 0xdd, 0x02, 0x00, 0x00, 0x00, 0xa0, 0x33, 0xf2,
    0x11, 0x04, 0xc8, 0x02, 0x00, 0x00, 0x37, 0xe2, 0x12, 0x04, 0x00, 0x00, 0x05, 0x56, 0x00, 0x00,
    0x00, 0xa0, 0x33, 0xf2, 0x01, 0x04, 0x14, 0x04, 0x00, 0xa0, 0x30, 0xf2, 0xf1, 0x03, 0x15, 0x04,
    0xf4, 0x64, 0x00, 0x00, 0x4c, 0x10, 0x00, 0x00, 0x58, 0x10, 0x00, 0x00, 0x01, 0x00, 0x04, 0x00,
    0x05, 0x57, 0x00, 0x00, 0x05, 0x56, 0x00, 0x00, 0x00, 0xa0, 0x33, 0xf2, 0x17, 0x04, 0x18, 0x04,
    0x00, 0xa0, 0x30, 0xf2, 0xf1, 0x03, 0x19, 0x04, 0xf4, 0x64, 0x00, 0x00, 0xcc, 0x0f, 0x00, 0x00,
    0x68, 0x10, 0x00, 0x00, 0x01, 0x00, 0x04, 0x00, 0x05, 0x56, 0x00, 0x00, 0x00, 0xa0, 0x33, 0xf2,
    0x0d, 0x04, 0x1b, 0x04, 0x00, 0xa0, 0x30, 0xf2, 0xf1, 0x03, 0x1c, 0x04, 0xf4, 0x64, 0x00, 0x00,
    0xe4, 0x0f, 0x00, 0x00, 0x74, 0x10, 0x00, 0x00, 0x01, 0x00, 0x04, 0x00, 0x05, 0x56, 0x00, 0x00,
    0x00, 0xa0, 0x33, 0xf2, 0xc1, 0x02, 0x1e, 0x04, 0x00, 0xa0, 0x30, 0xf2, 0xf1, 0x03, 0x1f, 0x04,
    0xf4, 0x64, 0x00, 0x00, 0xd8, 0x0f, 0x00, 0x00, 0x80, 0x10, 0x00, 0x00, 0x01, 0x00, 0x04, 0x00,
    0x05, 0x56, 0x00, 0x00, 0x00, 0xa0, 0x33, 0xf2, 0x00, 0x04, 0x21, 0x04, 0x00, 0xa0, 0x30, 0xf2,
    0xf1, 0x03, 0x22, 0x04, 0xf4, 0x64, 0x00, 0x00, 0xfc, 0x0f, 0x00, 0x00, 0x8c, 0x10, 0x00, 0x00,
    0x01, 0x00, 0x04, 0x00, 0x05, 0xd7, 0x00, 0x00, 0x05, 0x56, 0x00, 0x00, 0x00, 0xa0, 0x33, 0xf2,
    0x24, 0x04, 0x25, 0x04, 0x00, 0xa0, 0x30, 0xf2, 0xf1, 0x03, 0x26, 0x04, 0xf4, 0x64, 0x00, 0x00,
    0xf0, 0x0f, 0x00, 0x00, 0x9c, 0x10, 0x00, 0x00, 0x01, 0x00, 0x04, 0x00, 0x00, 0x00, 0x00, 0x00,
    0x00, 0x00, 0x00, 0x00, 0x00, 0x00, 0x00, 0x00, 0x01, 0x00, 0x00, 0x00, 0x00, 0x00, 0x00, 0x00,
    0x00, 0x00, 0x00, 0x00, 0x00, 0x00, 0x00, 0x00, 0x00, 0x00, 0x00, 0x00, 0x00, 0x00, 0x00, 0x00,
    0x09, 0x00, 0x00, 0x00, 0x00, 0xe0, 0x32, 0x92, 0xd2, 0x02, 0xd3, 0x02, 0x05, 0xf6, 0xff, 0xff,
    0x00, 0xa0, 0x30, 0xe2, 0xd2, 0x02, 0x2c, 0x04, 0x00, 0x10, 0x27, 0xe2, 0x2b, 0x04, 0x2d, 0x04,
    0xd3, 0x02, 0x00, 0x00, 0x00, 0x10, 0x37, 0xf2, 0xbd, 0x02, 0x00, 0x00, 0x00, 0xa0, 0x70, 0xf2,
    0xc4, 0x02, 0x2f, 0x04, 0xae, 0x02, 0x30, 0x04, 0x00, 0x10, 0x27, 0xf2, 0x2b, 0x04, 0x31, 0x04,
    0xc5, 0x02, 0x00, 0x00, 0x00, 0xe0, 0x32, 0x92, 0xc0, 0x02, 0x2e, 0x04, 0x01, 0x00, 0x00, 0x00,
    0xcc, 0x10, 0x00, 0x00, 0x00, 0x00, 0x00, 0x00, 0x03, 0x00, 0x00, 0x00, 0x00, 0x00, 0x00, 0x00,
    0x00, 0x00, 0x00, 0x00, 0x02, 0x00, 0x00, 0x00, 0x00, 0xa0, 0x30, 0xe2, 0xb6, 0x02, 0x2c, 0x04,
    0x00, 0x10, 0x31, 0x92, 0xb9, 0x02, 0x35, 0x04, 0x01, 0x00, 0x00, 0x00, 0xd8, 0x10, 0x00, 0x00,
    0x00, 0x00, 0x00, 0x00, 0x01, 0x00, 0x00, 0x00, 0x00, 0x00, 0x00, 0x00, 0x00, 0x00, 0x00, 0x00,
    0x0e, 0x00, 0x00, 0x00, 0x05, 0x37, 0x00, 0x00, 0x05, 0x06, 0x00, 0x00, 0x01, 0x01, 0x80, 0x18,
    0xf4, 0x64, 0x00, 0x00, 0xe4, 0x10, 0x00, 0x00, 0xc8, 0x10, 0x00, 0x00, 0x01, 0x00, 0x04, 0x00,
    0x00, 0x00, 0x37, 0xe2, 0xb7, 0x02, 0x00, 0x00, 0x05, 0x56, 0x00, 0x00, 0x00, 0xa0, 0x33, 0xf2,
    0x38, 0x04, 0x3b, 0x04, 0x00, 0xa0, 0x30, 0xf2, 0x32, 0x04, 0x3c, 0x04, 0xf4, 0x64, 0x00, 0x00,
    0xe8, 0x10, 0x00, 0x00, 0xf4, 0x10, 0x00, 0x00, 0x01, 0x00, 0x04, 0x00, 0x00, 0xe0, 0x39, 0xe2,
    0xb7, 0x02, 0x00, 0x00, 0x05, 0x57, 0x00, 0x00, 0x05, 0x56, 0x00, 0x00, 0x00, 0xa0, 0x33, 0xf2,
    0x3f, 0x04, 0x40, 0x04, 0x00, 0xa0, 0x30, 0xf2, 0x32, 0x04, 0x41, 0x04, 0xf4, 0x64, 0x00, 0x00,
    0xf8, 0x10, 0x00, 0x00, 0x08, 0x11, 0x00, 0x00, 0x01, 0x00, 0x04, 0x00, 0x01, 0x00, 0x00, 0x00,
    0x00, 0x00, 0x00, 0x00, 0x00, 0x00, 0x00, 0x00, 0x00, 0x00, 0x00, 0x00, 0x00, 0x00, 0x00, 0x00,
    0x00, 0x00, 0x00, 0x00, 0x00, 0x00, 0x00, 0x00, 0x01, 0x00, 0x00, 0x00, 0x00, 0x00, 0x00, 0x00,
    0x00, 0x00, 0x00, 0x00, 0x0e, 0x00, 0x00, 0x00, 0x05, 0x37, 0x00, 0x00, 0x05, 0x06, 0x00, 0x00,
    0x01, 0x01, 0x80, 0x18, 0xf4, 0x64, 0x00, 0x00, 0x1c, 0x11, 0x00, 0x00, 0xc8, 0x10, 0x00, 0x00,
    0x01, 0x00, 0x04, 0x00, 0x00, 0x00, 0x37, 0xe2, 0xb8, 0x02, 0x00, 0x00, 0x05, 0x56, 0x00, 0x00,
    0x00, 0xa0, 0x33, 0xf2, 0x46, 0x04, 0x49, 0x04, 0x00, 0xa0, 0x30, 0xf2, 0x32, 0x04, 0x4a, 0x04,
    0xf4, 0x64, 0x00, 0x00, 0x20, 0x11, 0x00, 0x00, 0x2c, 0x11, 0x00, 0x00, 0x01, 0x00, 0x04, 0x00,
    0x00, 0xe0, 0x39, 0xe2, 0xb8, 0x02, 0x00, 0x00, 0x05, 0x57, 0x00, 0x00, 0x05, 0x56, 0x00, 0x00,
    0x00, 0xa0, 0x33, 0xf2, 0x4d, 0x04, 0x4e, 0x04, 0x00, 0xa0, 0x30, 0xf2, 0x32, 0x04, 0x4f, 0x04,
    0xf4, 0x64, 0x00, 0x00, 0x30, 0x11, 0x00, 0x00, 0x40, 0x11, 0x00, 0x00, 0x01, 0x00, 0x04, 0x00,
    0x00, 0x00, 0x00, 0x00, 0x00, 0x00, 0x00, 0x00, 0x00, 0x00, 0x00, 0x00, 0x01, 0x00, 0x00, 0x00,
    0x08, 0x00, 0x00, 0x00, 0x01, 0x00, 0x00, 0x00, 0x11, 0x05, 0x00, 0x30, 0x73, 0x74, 0x72, 0x75,
    0x63, 0x74, 0x2e, 0x47, 0x46, 0x58, 0x32, 0x30, 0x5f, 0x33, 0x44, 0x53, 0x54, 0x41, 0x54, 0x45,
    0x5f, 0x56, 0x45, 0x52, 0x54, 0x45, 0x58, 0x5f, 0x42, 0x55, 0x46, 0x46, 0x45, 0x52, 0x53, 0x00,
    0x40, 0x02, 0x00, 0x00, 0x66, 0x69, 0x65, 0x6c, 0x64, 0x30, 0x00, 0x00, 0xff, 0xff, 0xff, 0xff,
    0x00, 0x00, 0x00, 0x00, 0x00, 0x00, 0x00, 0x00, 0x00, 0x00, 0x00, 0x00, 0x00, 0x00, 0x00, 0x00,
    0x00, 0x00, 0x00, 0x00, 0x00, 0x00, 0x00, 0x00, 0x40, 0x02, 0x00, 0x00, 0x66, 0x69, 0x65, 0x6c,
    0x64, 0x31, 0x00, 0x00, 0xff, 0xff, 0xff, 0xff, 0x00, 0x00, 0x00, 0x00, 0x04, 0x00, 0x00, 0x00,
    0x00, 0x00, 0x00, 0x00, 0x00, 0x00, 0x00, 0x00, 0x00, 0x00, 0x00, 0x00, 0x00, 0x00, 0x00, 0x00,
    0x40, 0x02, 0x00, 0x00, 0x66, 0x69, 0x65, 0x6c, 0x64, 0x32, 0x00, 0x00, 0xff, 0xff, 0xff, 0xff,
    0x00, 0x00, 0x00, 0x00, 0x08, 0x00, 0x00, 0x00, 0x00, 0x00, 0x00, 0x00, 0x00, 0x00, 0x00, 0x00,
    0x00, 0x00, 0x00, 0x00, 0x00, 0x00, 0x00, 0x00, 0x40, 0x02, 0x00, 0x00, 0x66, 0x69, 0x65, 0x6c,
    0x64, 0x33, 0x00, 0x00, 0xff, 0xff, 0xff, 0xff, 0x00, 0x00, 0x00, 0x00, 0x0c, 0x00, 0x00, 0x00,
    0x00, 0x00, 0x00, 0x00, 0x00, 0x00, 0x00, 0x00, 0x00, 0x00, 0x00, 0x00, 0x00, 0x00, 0x00, 0x00,
    0x40, 0x02, 0x00, 0x00, 0x66, 0x69, 0x65, 0x6c, 0x64, 0x34, 0x00, 0x00, 0xff, 0xff, 0xff, 0xff,
    0x00, 0x00, 0x00, 0x00, 0x10, 0x00, 0x00, 0x00, 0x00, 0x00, 0x00, 0x00, 0x00, 0x00, 0x00, 0x00,
    0x00, 0x00, 0x00, 0x00, 0x00, 0x00, 0x00, 0x00, 0x76, 0x00, 0x00, 0x80, 0x00, 0x00, 0x00, 0x00,
    0x00, 0x00, 0x00, 0x00, 0x00, 0x00, 0x00, 0x00, 0x00, 0x00, 0x00, 0x00, 0x00, 0x00, 0x00, 0x00,
    0x00, 0x00, 0x00, 0x00, 0x00, 0x00, 0xff, 0xff, 0xff, 0xff, 0x04, 0x00, 0x00, 0x00, 0x88, 0x04,
    0x00, 0x00, 0x00, 0x00, 0x00, 0x00, 0x00, 0x00, 0x00, 0x00, 0x00, 0x00, 0x00, 0x00, 0x00, 0x00,
    0x00, 0x00, 0x00, 0x00, 0x01, 0x00, 0x00, 0x00, 0x11, 0x08, 0x00, 0x40, 0x73, 0x74, 0x72, 0x75,
    0x63, 0x74, 0x2e, 0x47, 0x46, 0x58, 0x32, 0x30, 0x5f, 0x56, 0x45, 0x52, 0x54, 0x45, 0x58, 0x5f,
    0x42, 0x55, 0x46, 0x46, 0x45, 0x52, 0x5f, 0x53, 0x54, 0x41, 0x54, 0x45, 0x00, 0x00, 0x00, 0x00,
    0x40, 0x02, 0x00, 0x00, 0x66, 0x69, 0x65, 0x6c, 0x64, 0x30, 0x00, 0x00, 0xff, 0xff, 0xff, 0xff,
    0x00, 0x00, 0x00, 0x00, 0x00, 0x00, 0x00, 0x00, 0x00, 0x00, 0x00, 0x00, 0x00, 0x00, 0x00, 0x00,
    0x00, 0x00, 0x00, 0x00, 0x00, 0x00, 0x00, 0x00, 0x45, 0x02, 0x00, 0x00, 0x66, 0x69, 0x65, 0x6c,
    0x64, 0x31, 0x00, 0x00, 0xff, 0xff, 0xff, 0xff, 0x00, 0x00, 0x00, 0x00, 0x04, 0x00, 0x00, 0x00,
    0x00, 0x00, 0x00, 0x00, 0x00, 0x00, 0x00, 0x00, 0x00, 0x00, 0x00, 0x00, 0x00, 0x00, 0x00, 0x00,
    0x45, 0x02, 0x00, 0x00, 0x66, 0x69, 0x65, 0x6c, 0x64, 0x32, 0x00, 0x00, 0xff, 0xff, 0xff, 0xff,
    0x00, 0x00, 0x00, 0x00, 0x05, 0x00, 0x00, 0x00, 0x00, 0x00, 0x00, 0x00, 0x00, 0x00, 0x00, 0x00,
    0x00, 0x00, 0x00, 0x00, 0x00, 0x00, 0x00, 0x00, 0x40, 0x02, 0x00, 0x00, 0x66, 0x69, 0x65, 0x6c,
    0x64, 0x33, 0x00, 0x00, 0xff, 0xff, 0xff, 0xff, 0x00, 0x00, 0x00, 0x00, 0x08, 0x00, 0x00, 0x00,
    0x00, 0x00, 0x00, 0x00, 0x00, 0x00, 0x00, 0x00, 0x00, 0x00, 0x00, 0x00, 0x00, 0x00, 0x00, 0x00,
    0x45, 0x02, 0x00, 0x00, 0x66, 0x69, 0x65, 0x6c, 0x64, 0x34, 0x00, 0x00, 0xff, 0xff, 0xff, 0xff,
    0x00, 0x00, 0x00, 0x00, 0x0c, 0x00, 0x00, 0x00, 0x00, 0x00, 0x00, 0x00, 0x00, 0x00, 0x00, 0x00,
    0x00, 0x00, 0x00, 0x00, 0x00, 0x00, 0x00, 0x00, 0x40, 0x02, 0x00, 0x00, 0x66, 0x69, 0x65, 0x6c,
    0x64, 0x35, 0x00, 0x00, 0xff, 0xff, 0xff, 0xff, 0x00, 0x00, 0x00, 0x00, 0x10, 0x00, 0x00, 0x00,
    0x00, 0x00, 0x00, 0x00, 0x00, 0x00, 0x00, 0x00, 0x00, 0x00, 0x00, 0x00, 0x00, 0x00, 0x00, 0x00,
    0x49, 0x02, 0x00, 0x00, 0x66, 0x69, 0x65, 0x6c, 0x64, 0x36, 0x00, 0x00, 0xff, 0xff, 0xff, 0xff,
    0x00, 0x00, 0x00, 0x00, 0x18, 0x00, 0x00, 0x00, 0x00, 0x00, 0x00, 0x00, 0x00, 0x00, 0x00, 0x00,
    0x00, 0x00, 0x00, 0x00, 0x00, 0x00, 0x00, 0x00, 0x40, 0x02, 0x00, 0x00, 0x66, 0x69, 0x65, 0x6c,
    0x64, 0x37, 0x00, 0x00, 0xff, 0xff, 0xff, 0xff, 0x00, 0x00, 0x00, 0x00, 0x20, 0x00, 0x00, 0x00,
    0x00, 0x00, 0x00, 0x00, 0x00, 0x00, 0x00, 0x00, 0x00, 0x00, 0x00, 0x00, 0x00, 0x00, 0x00, 0x00,
    0x76, 0x00, 0x00, 0x80, 0x00, 0x00, 0x00, 0x00, 0x00, 0x00, 0x00, 0x00, 0x00, 0x00, 0x00, 0x00,
    0x00, 0x00, 0x00, 0x00, 0x00, 0x00, 0x00, 0x00, 0x00, 0x00, 0x00, 0x00, 0x00, 0x00, 0xff, 0xff,
    0xff, 0xff, 0x08, 0x00, 0x00, 0x00, 0xa0, 0x04, 0x00, 0x00, 0x00, 0x00, 0x00, 0x00, 0x00, 0x00,
    0x00, 0x00, 0x00, 0x00, 0x00, 0x00, 0x00, 0x00, 0x00, 0x00, 0x00, 0x00, 0x01, 0x28, 0x00, 0x00,
    0x76, 0x00, 0x00, 0x00, 0x00, 0x00, 0x28, 0x00, 0x01, 0x00, 0x00, 0x00, 0x11, 0x15, 0x00, 0x30,
    0x73, 0x74, 0x72, 0x75, 0x63, 0x74, 0x2e, 0x47, 0x46, 0x58, 0x32, 0x30, 0x5f, 0x33, 0x44, 0x50,
    0x52, 0x49, 0x4d, 0x49, 0x54, 0x49, 0x56, 0x45, 0x00, 0x00, 0x00, 0x00, 0x40, 0x02, 0x00, 0x00,
    0x66, 0x69, 0x65, 0x6c, 0x64, 0x30, 0x00, 0x00, 0xff, 0xff, 0xff, 0xff, 0x00, 0x00, 0x00, 0x00,
    0x00, 0x00, 0x00, 0x00, 0x00, 0x00, 0x00, 0x00, 0x00, 0x00, 0x00, 0x00, 0x00, 0x00, 0x00, 0x00,
    0x00, 0x00, 0x00, 0x00, 0x45, 0x02, 0x00, 0x00, 0x66, 0x69, 0x65, 0x6c, 0x64, 0x31, 0x00, 0x00,
    0xff, 0xff, 0xff, 0xff, 0x00, 0x00, 0x00, 0x00, 0x04, 0x00, 0x00, 0x00, 0x00, 0x00, 0x00, 0x00,
    0x00, 0x00, 0x00, 0x00, 0x00, 0x00, 0x00, 0x00, 0x00, 0x00, 0x00, 0x00, 0x45, 0x02, 0x00, 0x00,
    0x66, 0x69, 0x65, 0x6c, 0x64, 0x32, 0x00, 0x00, 0xff, 0xff, 0xff, 0xff, 0x00, 0x00, 0x00, 0x00,
    0x05, 0x00, 0x00, 0x00, 0x00, 0x00, 0x00, 0x00, 0x00, 0x00, 0x00, 0x00, 0x00, 0x00, 0x00, 0x00,
    0x00, 0x00, 0x00, 0x00, 0x45, 0x02, 0x00, 0x00, 0x66, 0x69, 0x65, 0x6c, 0x64, 0x33, 0x00, 0x00,
    0xff, 0xff, 0xff, 0xff, 0x00, 0x00, 0x00, 0x00, 0x06, 0x00, 0x00, 0x00, 0x00, 0x00, 0x00, 0x00,
    0x00, 0x00, 0x00, 0x00, 0x00, 0x00, 0x00, 0x00, 0x00, 0x00, 0x00, 0x00, 0x40, 0x02, 0x00, 0x00,
    0x66, 0x69, 0x65, 0x6c, 0x64, 0x34, 0x00, 0x00, 0xff, 0xff, 0xff, 0xff, 0x00, 0x00, 0x00, 0x00,
    0x08, 0x00, 0x00, 0x00, 0x00, 0x00, 0x00, 0x00, 0x00, 0x00, 0x00, 0x00, 0x00, 0x00, 0x00, 0x00,
    0x00, 0x00, 0x00, 0x00, 0x40, 0x02, 0x00, 0x00, 0x66, 0x69, 0x65, 0x6c, 0x64, 0x35, 0x00, 0x00,
    0xff, 0xff, 0xff, 0xff, 0x00, 0x00, 0x00, 0x00, 0x0c, 0x00, 0x00, 0x00, 0x00, 0x00, 0x00, 0x00,
    0x00, 0x00, 0x00, 0x00, 0x00, 0x00, 0x00, 0x00, 0x00, 0x00, 0x00, 0x00, 0x40, 0x02, 0x00, 0x00,
    0x66, 0x69, 0x65, 0x6c, 0x64, 0x36, 0x00, 0x00, 0xff, 0xff, 0xff, 0xff, 0x00, 0x00, 0x00, 0x00,
    0x10, 0x00, 0x00, 0x00, 0x00, 0x00, 0x00, 0x00, 0x00, 0x00, 0x00, 0x00, 0x00, 0x00, 0x00, 0x00,
    0x00, 0x00, 0x00, 0x00, 0x40, 0x02, 0x00, 0x00, 0x66, 0x69, 0x65, 0x6c, 0x64, 0x37, 0x00, 0x00,
    0xff, 0xff, 0xff, 0xff, 0x00, 0x00, 0x00, 0x00, 0x14, 0x00, 0x00, 0x00, 0x00, 0x00, 0x00, 0x00,
    0x00, 0x00, 0x00, 0x00, 0x00, 0x00, 0x00, 0x00, 0x00, 0x00, 0x00, 0x00, 0x40, 0x02, 0x00, 0x00,
    0x66, 0x69, 0x65, 0x6c, 0x64, 0x38, 0x00, 0x00, 0xff, 0xff, 0xff, 0xff, 0x00, 0x00, 0x00, 0x00,
    0x18, 0x00, 0x00, 0x00, 0x00, 0x00, 0x00, 0x00, 0x00, 0x00, 0x00, 0x00, 0x00, 0x00, 0x00, 0x00,
    0x00, 0x00, 0x00, 0x00, 0x40, 0x02, 0x00, 0x00, 0x66, 0x69, 0x65, 0x6c, 0x64, 0x39, 0x00, 0x00,
    0xff, 0xff, 0xff, 0xff, 0x00, 0x00, 0x00, 0x00, 0x1c, 0x00, 0x00, 0x00, 0x00, 0x00, 0x00, 0x00,
    0x00, 0x00, 0x00, 0x00, 0x00, 0x00, 0x00, 0x00, 0x00, 0x00, 0x00, 0x00, 0x40, 0x02, 0x00, 0x00,
    0x66, 0x69, 0x65, 0x6c, 0x64, 0x31, 0x30, 0x00, 0xff, 0xff, 0xff, 0xff, 0x00, 0x00, 0x00, 0x00,
    0x20, 0x00, 0x00, 0x00, 0x00, 0x00, 0x00, 0x00, 0x00, 0x00, 0x00, 0x00, 0x00, 0x00, 0x00, 0x00,
    0x00, 0x00, 0x00, 0x00, 0x40, 0x02, 0x00, 0x00, 0x66, 0x69, 0x65, 0x6c, 0x64, 0x31, 0x31, 0x00,
    0xff, 0xff, 0xff, 0xff, 0x00, 0x00, 0x00, 0x00, 0x24, 0x00, 0x00, 0x00, 0x00, 0x00, 0x00, 0x00,
    0x00, 0x00, 0x00, 0x00, 0x00, 0x00, 0x00, 0x00, 0x00, 0x00, 0x00, 0x00, 0x45, 0x02, 0x00, 0x00,
    0x66, 0x69, 0x65, 0x6c, 0x64, 0x31, 0x32, 0x00, 0xff, 0xff, 0xff, 0xff, 0x00, 0x00, 0x00, 0x00,
    0x28, 0x00, 0x00, 0x00, 0x00, 0x00, 0x00, 0x00, 0x00, 0x00, 0x00, 0x00, 0x00, 0x00, 0x00, 0x00,
    0x00, 0x00, 0x00, 0x00, 0x40, 0x02, 0x00, 0x00, 0x66, 0x69, 0x65, 0x6c, 0x64, 0x31, 0x33, 0x00,
    0xff, 0xff, 0xff, 0xff, 0x00, 0x00, 0x00, 0x00, 0x2c, 0x00, 0x00, 0x00, 0x00, 0x00, 0x00, 0x00,
    0x00, 0x00, 0x00, 0x00, 0x00, 0x00, 0x00, 0x00, 0x00, 0x00, 0x00, 0x00, 0x40, 0x02, 0x00, 0x00,
    0x66, 0x69, 0x65, 0x6c, 0x64, 0x31, 0x34, 0x00, 0xff, 0xff, 0xff, 0xff, 0x00, 0x00, 0x00, 0x00,
    0x30, 0x00, 0x00, 0x00, 0x00, 0x00, 0x00, 0x00, 0x00, 0x00, 0x00, 0x00, 0x00, 0x00, 0x00, 0x00,
    0x00, 0x00, 0x00, 0x00, 0x40, 0x02, 0x00, 0x00, 0x66, 0x69, 0x65, 0x6c, 0x64, 0x31, 0x35, 0x00,
    0xff, 0xff, 0xff, 0xff, 0x00, 0x00, 0x00, 0x00, 0x34, 0x00, 0x00, 0x00, 0x00, 0x00, 0x00, 0x00,
    0x00, 0x00, 0x00, 0x00, 0x00, 0x00, 0x00, 0x00, 0x00, 0x00, 0x00, 0x00, 0x40, 0x02, 0x00, 0x00,
    0x66, 0x69, 0x65, 0x6c, 0x64, 0x31, 0x36, 0x00, 0xff, 0xff, 0xff, 0xff, 0x00, 0x00, 0x00, 0x00,
    0x38, 0x00, 0x00, 0x00, 0x00, 0x00, 0x00, 0x00, 0x00, 0x00, 0x00, 0x00, 0x00, 0x00, 0x00, 0x00,
    0x00, 0x00, 0x00, 0x00, 0x40, 0x02, 0x00, 0x00, 0x66, 0x69, 0x65, 0x6c, 0x64, 0x31, 0x37, 0x00,
    0xff, 0xff, 0xff, 0xff, 0x00, 0x00, 0x00, 0x00, 0x3c, 0x00, 0x00, 0x00, 0x00, 0x00, 0x00, 0x00,
    0x00, 0x00, 0x00, 0x00, 0x00, 0x00, 0x00, 0x00, 0x00, 0x00, 0x00, 0x00, 0x40, 0x02, 0x00, 0x00,
    0x66, 0x69, 0x65, 0x6c, 0x64, 0x31, 0x38, 0x00, 0xff, 0xff, 0xff, 0xff, 0x00, 0x00, 0x00, 0x00,
    0x40, 0x00, 0x00, 0x00, 0x00, 0x00, 0x00, 0x00, 0x00, 0x00, 0x00, 0x00, 0x00, 0x00, 0x00, 0x00,
    0x00, 0x00, 0x00, 0x00, 0x40, 0x02, 0x00, 0x00, 0x66, 0x69, 0x65, 0x6c, 0x64, 0x31, 0x39, 0x00,
    0xff, 0xff, 0xff, 0xff, 0x00, 0x00, 0x00, 0x00, 0x44, 0x00, 0x00, 0x00, 0x00, 0x00, 0x00, 0x00,
    0x00, 0x00, 0x00, 0x00, 0x00, 0x00, 0x00, 0x00, 0x00, 0x00, 0x00, 0x00, 0x40, 0x02, 0x00, 0x00,
    0x66, 0x69, 0x65, 0x6c, 0x64, 0x32, 0x30, 0x00, 0xff, 0xff, 0xff, 0xff, 0x00, 0x00, 0x00, 0x00,
    0x48, 0x00, 0x00, 0x00, 0x00, 0x00, 0x00, 0x00, 0x00, 0x00, 0x00, 0x00, 0x00, 0x00, 0x00, 0x00,
    0x00, 0x00, 0x00, 0x00, 0x76, 0x00, 0x00, 0x80, 0x00, 0x00, 0x00, 0x00, 0x00, 0x00, 0x00, 0x00,
    0x00, 0x00, 0x00, 0x00, 0x00, 0x00, 0x00, 0x00, 0x00, 0x00, 0x00, 0x00, 0x00, 0x00, 0x00, 0x00,
    0x00, 0x00, 0xff, 0xff, 0xff, 0xff, 0x04, 0x00, 0x00, 0x00, 0xf0, 0x04, 0x00, 0x00, 0x00, 0x00,
    0x00, 0x00, 0x00, 0x00, 0x00, 0x00, 0x00, 0x00, 0x00, 0x00, 0x00, 0x00, 0x00, 0x00, 0x00, 0x00,
    0x01, 0x08, 0x00, 0x00, 0x11, 0x05, 0x00, 0x30, 0x73, 0x74, 0x72, 0x75, 0x63, 0x74, 0x2e, 0x47,
    0x46, 0x58, 0x32, 0x30, 0x5f, 0x33, 0x44, 0x53, 0x54, 0x41, 0x54, 0x45, 0x5f, 0x56, 0x45, 0x52,
    0x54, 0x45, 0x58, 0x5f, 0x42, 0x55, 0x46, 0x46, 0x45, 0x52, 0x53, 0x00, 0x40, 0x02, 0x00, 0x00,
    0x66, 0x69, 0x65, 0x6c, 0x64, 0x30, 0x00, 0x00, 0xff, 0xff, 0xff, 0xff, 0x00, 0x00, 0x00, 0x00,
    0x00, 0x00, 0x00, 0x00, 0x00, 0x00, 0x00, 0x00, 0x00, 0x00, 0x00, 0x00, 0x00, 0x00, 0x00, 0x00,
    0x00, 0x00, 0x00, 0x00, 0x40, 0x02, 0x00, 0x00, 0x66, 0x69, 0x65, 0x6c, 0x64, 0x31, 0x00, 0x00,
    0xff, 0xff, 0xff, 0xff, 0x00, 0x00, 0x00, 0x00, 0x04, 0x00, 0x00, 0x00, 0x00, 0x00, 0x00, 0x00,
    0x00, 0x00, 0x00, 0x00, 0x00, 0x00, 0x00, 0x00, 0x00, 0x00, 0x00, 0x00, 0x40, 0x02, 0x00, 0x00,
    0x66, 0x69, 0x65, 0x6c, 0x64, 0x32, 0x00, 0x00, 0xff, 0xff, 0xff, 0xff, 0x00, 0x00, 0x00, 0x00,
    0x08, 0x00, 0x00, 0x00, 0x00, 0x00, 0x00, 0x00, 0x00, 0x00, 0x00, 0x00, 0x00, 0x00, 0x00, 0x00,
    0x00, 0x00, 0x00, 0x00, 0x40, 0x02, 0x00, 0x00, 0x66, 0x69, 0x65, 0x6c, 0x64, 0x33, 0x00, 0x00,
    0xff, 0xff, 0xff, 0xff, 0x00, 0x00, 0x00, 0x00, 0x0c, 0x00, 0x00, 0x00, 0x00, 0x00, 0x00, 0x00,
    0x00, 0x00, 0x00, 0x00, 0x00, 0x00, 0x00, 0x00, 0x00, 0x00, 0x00, 0x00, 0x40, 0x02, 0x00, 0x00,
    0x66, 0x69, 0x65, 0x6c, 0x64, 0x34, 0x00, 0x00, 0xff, 0xff, 0xff, 0xff, 0x00, 0x00, 0x00, 0x00,
    0x10, 0x00, 0x00, 0x00, 0x00, 0x00, 0x00, 0x00, 0x00, 0x00, 0x00, 0x00, 0x00, 0x00, 0x00, 0x00,
    0x00, 0x00, 0x00, 0x00, 0x76, 0x00, 0x00, 0x00, 0x00, 0x00, 0x4c, 0x00, 0x01, 0x00, 0x00, 0x00,
    0x11, 0x08, 0x00, 0x40, 0x73, 0x74, 0x72, 0x75, 0x63, 0x74, 0x2e, 0x47, 0x46, 0x58, 0x32, 0x30,
    0x5f, 0x56, 0x45, 0x52, 0x54, 0x45, 0x58, 0x5f, 0x42, 0x55, 0x46, 0x46, 0x45, 0x52, 0x5f, 0x53,
    0x54, 0x41, 0x54, 0x45, 0x00, 0x00, 0x00, 0x00, 0x40, 0x02, 0x00, 0x00, 0x66, 0x69, 0x65, 0x6c,
    0x64, 0x30, 0x00, 0x00, 0xff, 0xff, 0xff, 0xff, 0x00, 0x00, 0x00, 0x00, 0x00, 0x00, 0x00, 0x00,
    0x00, 0x00, 0x00, 0x00, 0x00, 0x00, 0x00, 0x00, 0x00, 0x00, 0x00, 0x00, 0x00, 0x00, 0x00, 0x00,
    0x45, 0x02, 0x00, 0x00, 0x66, 0x69, 0x65, 0x6c, 0x64, 0x31, 0x00, 0x00, 0xff, 0xff, 0xff, 0xff,
    0x00, 0x00, 0x00, 0x00, 0x04, 0x00, 0x00, 0x00, 0x00, 0x00, 0x00, 0x00, 0x00, 0x00, 0x00, 0x00,
    0x00, 0x00, 0x00, 0x00, 0x00, 0x00, 0x00, 0x00, 0x45, 0x02, 0x00, 0x00, 0x66, 0x69, 0x65, 0x6c,
    0x64, 0x32, 0x00, 0x00, 0xff, 0xff, 0xff, 0xff, 0x00, 0x00, 0x00, 0x00, 0x05, 0x00, 0x00, 0x00,
    0x00, 0x00, 0x00, 0x00, 0x00, 0x00, 0x00, 0x00, 0x00, 0x00, 0x00, 0x00, 0x00, 0x00, 0x00, 0x00,
    0x40, 0x02, 0x00, 0x00, 0x66, 0x69, 0x65, 0x6c, 0x64, 0x33, 0x00, 0x00, 0xff, 0xff, 0xff, 0xff,
    0x00, 0x00, 0x00, 0x00, 0x08, 0x00, 0x00, 0x00, 0x00, 0x00, 0x00, 0x00, 0x00, 0x00, 0x00, 0x00,
    0x00, 0x00, 0x00, 0x00, 0x00, 0x00, 0x00, 0x00, 0x45, 0x02, 0x00, 0x00, 0x66, 0x69, 0x65, 0x6c,
    0x64, 0x34, 0x00, 0x00, 0xff, 0xff, 0xff, 0xff, 0x00, 0x00, 0x00, 0x00, 0x0c, 0x00, 0x00, 0x00,
    0x00, 0x00, 0x00, 0x00, 0x00, 0x00, 0x00, 0x00, 0x00, 0x00, 0x00, 0x00, 0x00, 0x00, 0x00, 0x00,
    0x40, 0x02, 0x00, 0x00, 0x66, 0x69, 0x65, 0x6c, 0x64, 0x35, 0x00, 0x00, 0xff, 0xff, 0xff, 0xff,
    0x00, 0x00, 0x00, 0x00, 0x10, 0x00, 0x00, 0x00, 0x00, 0x00, 0x00, 0x00, 0x00, 0x00, 0x00, 0x00,
    0x00, 0x00, 0x00, 0x00, 0x00, 0x00, 0x00, 0x00, 0x49, 0x02, 0x00, 0x00, 0x66, 0x69, 0x65, 0x6c,
    0x64, 0x36, 0x00, 0x00, 0xff, 0xff, 0xff, 0xff, 0x00, 0x00, 0x00, 0x00, 0x18, 0x00, 0x00, 0x00,
    0x00, 0x00, 0x00, 0x00, 0x00, 0x00, 0x00, 0x00, 0x00, 0x00, 0x00, 0x00, 0x00, 0x00, 0x00, 0x00,
    0x40, 0x02, 0x00, 0x00, 0x66, 0x69, 0x65, 0x6c, 0x64, 0x37, 0x00, 0x00, 0xff, 0xff, 0xff, 0xff,
    0x00, 0x00, 0x00, 0x00, 0x20, 0x00, 0x00, 0x00, 0x00, 0x00, 0x00, 0x00, 0x00, 0x00, 0x00, 0x00,
    0x00, 0x00, 0x00, 0x00, 0x00, 0x00, 0x00, 0x00, 0x76, 0x00, 0x00, 0x80, 0x00, 0x00, 0x00, 0x00,
    0x00, 0x00, 0x00, 0x00, 0x00, 0x00, 0x00, 0x00, 0x00, 0x00, 0x00, 0x00, 0x00, 0x00, 0x00, 0x00,
    0x00, 0x00, 0x00, 0x00, 0x00, 0x00, 0xff, 0xff, 0xff, 0xff, 0x08, 0x00, 0x00, 0x00, 0x50, 0x05,
    0x00, 0x00, 0x00, 0x00, 0x00, 0x00, 0x00, 0x00, 0x00, 0x00, 0x00, 0x00, 0x00, 0x00, 0x00, 0x00,
    0x00, 0x00, 0x00, 0x00, 0x01, 0x28, 0x00, 0x00, 0x76, 0x00, 0x00, 0x00, 0x00, 0x00, 0x28, 0x00,
    0x01, 0x00, 0x00, 0x00, 0x11, 0x15, 0x00, 0x30, 0x73, 0x74, 0x72, 0x75, 0x63, 0x74, 0x2e, 0x47,
    0x46, 0x58, 0x32, 0x30, 0x5f, 0x33, 0x44, 0x50, 0x52, 0x49, 0x4d, 0x49, 0x54, 0x49, 0x56, 0x45,
    0x00, 0x00, 0x00, 0x00, 0x40, 0x02, 0x00, 0x00, 0x66, 0x69, 0x65, 0x6c, 0x64, 0x30, 0x00, 0x00,
    0xff, 0xff, 0xff, 0xff, 0x00, 0x00, 0x00, 0x00, 0x00, 0x00, 0x00, 0x00, 0x00, 0x00, 0x00, 0x00,
    0x00, 0x00, 0x00, 0x00, 0x00, 0x00, 0x00, 0x00, 0x00, 0x00, 0x00, 0x00, 0x45, 0x02, 0x00, 0x00,
    0x66, 0x69, 0x65, 0x6c, 0x64, 0x31, 0x00, 0x00, 0xff, 0xff, 0xff, 0xff, 0x00, 0x00, 0x00, 0x00,
    0x04, 0x00, 0x00, 0x00, 0x00, 0x00, 0x00, 0x00, 0x00, 0x00, 0x00, 0x00, 0x00, 0x00, 0x00, 0x00,
    0x00, 0x00, 0x00, 0x00, 0x45, 0x02, 0x00, 0x00, 0x66, 0x69, 0x65, 0x6c, 0x64, 0x32, 0x00, 0x00,
    0xff, 0xff, 0xff, 0xff, 0x00, 0x00, 0x00, 0x00, 0x05, 0x00, 0x00, 0x00, 0x00, 0x00, 0x00, 0x00,
    0x00, 0x00, 0x00, 0x00, 0x00, 0x00, 0x00, 0x00, 0x00, 0x00, 0x00, 0x00, 0x45, 0x02, 0x00, 0x00,
    0x66, 0x69, 0x65, 0x6c, 0x64, 0x33, 0x00, 0x00, 0xff, 0xff, 0xff, 0xff, 0x00, 0x00, 0x00, 0x00,
    0x06, 0x00, 0x00, 0x00, 0x00, 0x00, 0x00, 0x00, 0x00, 0x00, 0x00, 0x00, 0x00, 0x00, 0x00, 0x00,
    0x00, 0x00, 0x00, 0x00, 0x40, 0x02, 0x00, 0x00, 0x66, 0x69, 0x65, 0x6c, 0x64, 0x34, 0x00, 0x00,
    0xff, 0xff, 0xff, 0xff, 0x00, 0x00, 0x00, 0x00, 0x08, 0x00, 0x00, 0x00, 0x00, 0x00, 0x00, 0x00,
    0x00, 0x00, 0x00, 0x00, 0x00, 0x00, 0x00, 0x00, 0x00, 0x00, 0x00, 0x00, 0x40, 0x02, 0x00, 0x00,
    0x66, 0x69, 0x65, 0x6c, 0x64, 0x35, 0x00, 0x00, 0xff, 0xff, 0xff, 0xff, 0x00, 0x00, 0x00, 0x00,
    0x0c, 0x00, 0x00, 0x00, 0x00, 0x00, 0x00, 0x00, 0x00, 0x00, 0x00, 0x00, 0x00, 0x00, 0x00, 0x00,
    0x00, 0x00, 0x00, 0x00, 0x40, 0x02, 0x00, 0x00, 0x66, 0x69, 0x65, 0x6c, 0x64, 0x36, 0x00, 0x00,
    0xff, 0xff, 0xff, 0xff, 0x00, 0x00, 0x00, 0x00, 0x10, 0x00, 0x00, 0x00, 0x00, 0x00, 0x00, 0x00,
    0x00, 0x00, 0x00, 0x00, 0x00, 0x00, 0x00, 0x00, 0x00, 0x00, 0x00, 0x00, 0x40, 0x02, 0x00, 0x00,
    0x66, 0x69, 0x65, 0x6c, 0x64, 0x37, 0x00, 0x00, 0xff, 0xff, 0xff, 0xff, 0x00, 0x00, 0x00, 0x00,
    0x14, 0x00, 0x00, 0x00, 0x00, 0x00, 0x00, 0x00, 0x00, 0x00, 0x00, 0x00, 0x00, 0x00, 0x00, 0x00,
    0x00, 0x00, 0x00, 0x00, 0x40, 0x02, 0x00, 0x00, 0x66, 0x69, 0x65, 0x6c, 0x64, 0x38, 0x00, 0x00,
    0xff, 0xff, 0xff, 0xff, 0x00, 0x00, 0x00, 0x00, 0x18, 0x00, 0x00, 0x00, 0x00, 0x00, 0x00, 0x00,
    0x00, 0x00, 0x00, 0x00, 0x00, 0x00, 0x00, 0x00, 0x00, 0x00, 0x00, 0x00, 0x40, 0x02, 0x00, 0x00,
    0x66, 0x69, 0x65, 0x6c, 0x64, 0x39, 0x00, 0x00, 0xff, 0xff, 0xff, 0xff, 0x00, 0x00, 0x00, 0x00,
    0x1c, 0x00, 0x00, 0x00, 0x00, 0x00, 0x00, 0x00, 0x00, 0x00, 0x00, 0x00, 0x00, 0x00, 0x00, 0x00,
    0x00, 0x00, 0x00, 0x00, 0x40, 0x02, 0x00, 0x00, 0x66, 0x69, 0x65, 0x6c, 0x64, 0x31, 0x30, 0x00,
    0xff, 0xff, 0xff, 0xff, 0x00, 0x00, 0x00, 0x00, 0x20, 0x00, 0x00, 0x00, 0x00, 0x00, 0x00, 0x00,
    0x00, 0x00, 0x00, 0x00, 0x00, 0x00, 0x00, 0x00, 0x00, 0x00, 0x00, 0x00, 0x40, 0x02, 0x00, 0x00,
    0x66, 0x69, 0x65, 0x6c, 0x64, 0x31, 0x31, 0x00, 0xff, 0xff, 0xff, 0xff, 0x00, 0x00, 0x00, 0x00,
    0x24, 0x00, 0x00, 0x00, 0x00, 0x00, 0x00, 0x00, 0x00, 0x00, 0x00, 0x00, 0x00, 0x00, 0x00, 0x00,
    0x00, 0x00, 0x00, 0x00, 0x45, 0x02, 0x00, 0x00, 0x66, 0x69, 0x65, 0x6c, 0x64, 0x31, 0x32, 0x00,
    0xff, 0xff, 0xff, 0xff, 0x00, 0x00, 0x00, 0x00, 0x28, 0x00, 0x00, 0x00, 0x00, 0x00, 0x00, 0x00,
    0x00, 0x00, 0x00, 0x00, 0x00, 0x00, 0x00, 0x00, 0x00, 0x00, 0x00, 0x00, 0x40, 0x02, 0x00, 0x00,
    0x66, 0x69, 0x65, 0x6c, 0x64, 0x31, 0x33, 0x00, 0xff, 0xff, 0xff, 0xff, 0x00, 0x00, 0x00, 0x00,
    0x2c, 0x00, 0x00, 0x00, 0x00, 0x00, 0x00, 0x00, 0x00, 0x00, 0x00, 0x00, 0x00, 0x00, 0x00, 0x00,
    0x00, 0x00, 0x00, 0x00, 0x40, 0x02, 0x00, 0x00, 0x66, 0x69, 0x65, 0x6c, 0x64, 0x31, 0x34, 0x00,
    0xff, 0xff, 0xff, 0xff, 0x00, 0x00, 0x00, 0x00, 0x30, 0x00, 0x00, 0x00, 0x00, 0x00, 0x00, 0x00,
    0x00, 0x00, 0x00, 0x00, 0x00, 0x00, 0x00, 0x00, 0x00, 0x00, 0x00, 0x00, 0x40, 0x02, 0x00, 0x00,
    0x66, 0x69, 0x65, 0x6c, 0x64, 0x31, 0x35, 0x00, 0xff, 0xff, 0xff, 0xff, 0x00, 0x00, 0x00, 0x00,
    0x34, 0x00, 0x00, 0x00, 0x00, 0x00, 0x00, 0x00, 0x00, 0x00, 0x00, 0x00, 0x00, 0x00, 0x00, 0x00,
    0x00, 0x00, 0x00, 0x00, 0x40, 0x02, 0x00, 0x00, 0x66, 0x69, 0x65, 0x6c, 0x64, 0x31, 0x36, 0x00,
    0xff, 0xff, 0xff, 0xff, 0x00, 0x00, 0x00, 0x00, 0x38, 0x00, 0x00, 0x00, 0x00, 0x00, 0x00, 0x00,
    0x00, 0x00, 0x00, 0x00, 0x00, 0x00, 0x00, 0x00, 0x00, 0x00, 0x00, 0x00, 0x40, 0x02, 0x00, 0x00,
    0x66, 0x69, 0x65, 0x6c, 0x64, 0x31, 0x37, 0x00, 0xff, 0xff, 0xff, 0xff, 0x00, 0x00, 0x00, 0x00,
    0x3c, 0x00, 0x00, 0x00, 0x00, 0x00, 0x00, 0x00, 0x00, 0x00, 0x00, 0x00, 0x00, 0x00, 0x00, 0x00,
    0x00, 0x00, 0x00, 0x00, 0x40, 0x02, 0x00, 0x00, 0x66, 0x69, 0x65, 0x6c, 0x64, 0x31, 0x38, 0x00,
    0xff, 0xff, 0xff, 0xff, 0x00, 0x00, 0x00, 0x00, 0x40, 0x00, 0x00, 0x00, 0x00, 0x00, 0x00, 0x00,
    0x00, 0x00, 0x00, 0x00, 0x00, 0x00, 0x00, 0x00, 0x00, 0x00, 0x00, 0x00, 0x40, 0x02, 0x00, 0x00,
    0x66, 0x69, 0x65, 0x6c, 0x64, 0x31, 0x39, 0x00, 0xff, 0xff, 0xff, 0xff, 0x00, 0x00, 0x00, 0x00,
    0x44, 0x00, 0x00, 0x00, 0x00, 0x00, 0x00, 0x00, 0x00, 0x00, 0x00, 0x00, 0x00, 0x00, 0x00, 0x00,
    0x00, 0x00, 0x00, 0x00, 0x40, 0x02, 0x00, 0x00, 0x66, 0x69, 0x65, 0x6c, 0x64, 0x32, 0x30, 0x00,
    0xff, 0xff, 0xff, 0xff, 0x00, 0x00, 0x00, 0x00, 0x48, 0x00, 0x00, 0x00, 0x00, 0x00, 0x00, 0x00,
    0x00, 0x00, 0x00, 0x00, 0x00, 0x00, 0x00, 0x00, 0x00, 0x00, 0x00, 0x00, 0x76, 0x00, 0x00, 0x80,
    0x00, 0x00, 0x00, 0x00, 0x00, 0x00, 0x00, 0x00, 0x00, 0x00, 0x00, 0x00, 0x00, 0x00, 0x00, 0x00,
    0x00, 0x00, 0x00, 0x00, 0x00, 0x00, 0x00, 0x00, 0x00, 0x00, 0xff, 0xff, 0xff, 0xff, 0x04, 0x00,
    0x00, 0x00, 0xa0, 0x05, 0x00, 0x00, 0x00, 0x00, 0x00, 0x00, 0x00, 0x00, 0x00, 0x00, 0x00, 0x00,
    0x00, 0x00, 0x00, 0x00, 0x00, 0x00, 0x00, 0x00, 0x03, 0x00, 0x00, 0x00, 0x00, 0x00, 0x00, 0x00,
    0x00, 0x00, 0x00, 0x00, 0x0c, 0x00, 0x00, 0x00, 0x14, 0x15, 0x00, 0xf2, 0x14, 0x15, 0x01, 0xf2,
    0x14, 0x15, 0x02, 0xf2, 0x14, 0x15, 0x03, 0xe2, 0x14, 0x15, 0x04, 0x92, 0x14, 0x15, 0x05, 0x92,
    0x14, 0x15, 0x06, 0x92, 0x14, 0x15, 0x07, 0x92, 0x14, 0x15, 0x08, 0x92, 0x14, 0x15, 0x09, 0xe2,
    0x14, 0x15, 0x0a, 0xe2, 0x00, 0x30, 0x33, 0x92, 0x5f, 0x04, 0x00, 0x00, 0x01, 0x00, 0x00, 0x00,
    0x98, 0x11, 0x00, 0x00, 0x00, 0x00, 0x00, 0x00, 0x03, 0x00, 0x00, 0x00, 0x00, 0x00, 0x00, 0x00,
    0x00, 0x00, 0x00, 0x00, 0x02, 0x00, 0x00, 0x00, 0x05, 0x17, 0x01, 0x00, 0x00, 0x70, 0x33, 0x92,
    0x62, 0x04, 0x63, 0x04, 0x01, 0x00, 0x00, 0x00, 0xa4, 0x11, 0x00, 0x00, 0x00, 0x00, 0x00, 0x00,
    0x05, 0x00, 0x00, 0x00, 0x00, 0x00, 0x00, 0x00, 0x00, 0x00, 0x00, 0x00, 0x0b, 0x00, 0x00, 0x00,
    0x05, 0x36, 0x00, 0x00, 0x05, 0x16, 0x01, 0x00, 0x05, 0x16, 0x02, 0x00, 0x05, 0x0f, 0x00, 0x00,
    0x05, 0x77, 0x00, 0x00, 0x05, 0x06, 0x00, 0x00, 0x03, 0x00, 0x08, 0x78, 0xf4, 0x64, 0x00, 0x00,
    0xc0, 0x11, 0x00, 0x00, 0x6c, 0x11, 0x00, 0x00, 0x01, 0x00, 0x04, 0x00, 0x05, 0x37, 0x00, 0x00,
    0x05, 0x56, 0x00, 0x00, 0x00, 0xa0, 0x33, 0xf2, 0x71, 0x04, 0x72, 0x04, 0x00, 0xa0, 0x30, 0xf2,
    0x5b, 0x04, 0x73, 0x04, 0x01, 0x00, 0x00, 0x00, 0x88, 0x11, 0x00, 0x00, 0x00, 0x00, 0x00, 0x00,
    0x01, 0x00, 0x00, 0x00, 0x00, 0x00, 0x00, 0x00, 0x00, 0x00, 0x00, 0x00, 0x2d, 0x00, 0x00, 0x00,
    0x00, 0xa0, 0x30, 0xe2, 0x64, 0x04, 0x6b, 0x04, 0x00, 0xa0, 0x30, 0xf2, 0x5c, 0x04, 0x68, 0x04,
    0x00, 0x10, 0x31, 0x92, 0x77, 0x04, 0x6e, 0x04, 0x00, 0x40, 0x22, 0xf2, 0x78, 0x04, 0x00, 0x00,
    0x05, 0xb6, 0x01, 0x00, 0x00, 0xa0, 0x33, 0xf2, 0x79, 0x04, 0x7a, 0x04, 0x00, 0xd0, 0x39, 0xe2,
    0x7b, 0x04, 0x00, 0x00, 0x05, 0x4e, 0x00, 0x00, 0x00, 0x70, 0x33, 0xe2, 0x7c, 0x04, 0x7d, 0x04,
    0x00, 0xe0, 0x39, 0xe2, 0x7b, 0x04, 0x00, 0x00, 0x00, 0x00, 0x35, 0xf2, 0x7e, 0x04, 0x7f, 0x04,
    0x00, 0x10, 0x37, 0xf2, 0x65, 0x04, 0x00, 0x00, 0x00, 0xa0, 0x33, 0xf2, 0x81, 0x04, 0x6d, 0x04,
    0x00, 0x70, 0x33, 0xf2, 0x80, 0x04, 0x82, 0x04, 0x00, 0xd0, 0x39, 0xe2, 0x83, 0x04, 0x00, 0x00,
    0x05, 0x0e, 0x00, 0x02, 0x00, 0x70, 0x33, 0xe2, 0x84, 0x04, 0x85, 0x04, 0x00, 0xe0, 0x39, 0xe2,
    0x83, 0x04, 0x00, 0x00, 0x00, 0x00, 0x35, 0xf2, 0x86, 0x04, 0x87, 0x04, 0x00, 0x10, 0x37, 0xf2,
    0x64, 0x04, 0x00, 0x00, 0x05, 0x56, 0x03, 0x00, 0x00, 0xa0, 0x33, 0xf2, 0x89, 0x04, 0x8a, 0x04,
    0x00, 0x70, 0x33, 0xf2, 0x88, 0x04, 0x8b, 0x04, 0x00, 0x00, 0x37, 0xe2, 0x8c, 0x04, 0x00, 0x00,
    0xf4, 0x64, 0x00, 0x00, 0x34, 0x12, 0x00, 0x00, 0xd0, 0x11, 0x00, 0x00, 0x01, 0x00, 0x04, 0x00,
    0x00, 0x00, 0x37, 0xe2, 0x77, 0x04, 0x00, 0x00, 0x05, 0x57, 0x00, 0x00, 0x05, 0x56, 0x00, 0x00,
    0x00, 0xa0, 0x33, 0xf2, 0x8f, 0x04, 0x90, 0x04, 0x00, 0xa0, 0x30, 0xf2, 0x5b, 0x04, 0x91, 0x04,
    0xf4, 0x64, 0x00, 0x00, 0x38, 0x12, 0x00, 0x00, 0x48, 0x12, 0x00, 0x00, 0x01, 0x00, 0x04, 0x00,
    0x00, 0xe0, 0x39, 0xe2, 0x77, 0x04, 0x00, 0x00, 0x05, 0x56, 0x00, 0x00, 0x00, 0xa0, 0x33, 0xf2,
    0x6f, 0x04, 0x94, 0x04, 0x00, 0xa0, 0x30, 0xf2, 0x5b, 0x04, 0x95, 0x04, 0xf4, 0x64, 0x00, 0x00,
    0x4c, 0x12, 0x00, 0x00, 0x58, 0x12, 0x00, 0x00, 0x01, 0x00, 0x04, 0x00, 0x05, 0x97, 0x00, 0x00,
    0x05, 0x56, 0x00, 0x00, 0x00, 0xa0, 0x33, 0xf2, 0x97, 0x04, 0x98, 0x04, 0x00, 0xa0, 0x30, 0xf2,
    0x5b, 0x04, 0x99, 0x04, 0xf4, 0x64, 0x00, 0x00, 0xb0, 0x11, 0x00, 0x00, 0x68, 0x12, 0x00, 0x00,
    0x01, 0x00, 0x04, 0x00, 0x05, 0xb7, 0x00, 0x00, 0x05, 0x56, 0x00, 0x00, 0x00, 0xa0, 0x33, 0xf2,
    0x9b, 0x04, 0x9c, 0x04, 0x00, 0xa0, 0x30, 0xf2, 0x5b, 0x04, 0x9d, 0x04, 0x01, 0x00, 0x00, 0x00,
    0x00, 0x00, 0x00, 0x00, 0x00, 0x00, 0x00, 0x00, 0x00, 0x00, 0x00, 0x00, 0x00, 0x00, 0x00, 0x00,
    0x00, 0x00, 0x00, 0x00, 0x02, 0x00, 0x00, 0x00, 0x28, 0x00, 0x00, 0xe2, 0x76, 0x04, 0x00, 0x00,
    0x75, 0x04, 0x00, 0x00, 0x64, 0x04, 0x00, 0x00, 0x9f, 0x04, 0x00, 0x00, 0x28, 0x00, 0x00, 0xf2,
    0x9e, 0x04, 0x00, 0x00, 0x75, 0x04, 0x00, 0x00, 0x74, 0x04, 0x00, 0x00, 0x9f, 0x04, 0x00, 0x00,
    0x01, 0x00, 0x00, 0x00, 0x8c, 0x11, 0x00, 0x00, 0x00, 0x00, 0x00, 0x00, 0x01, 0x00, 0x00, 0x00,
    0x00, 0x00, 0x00, 0x00, 0x00, 0x00, 0x00, 0x00, 0x31, 0x00, 0x00, 0x00, 0xf4, 0x64, 0x00, 0x00,
    0x78, 0x11, 0x00, 0x00, 0x74, 0x11, 0x00, 0x00, 0x01, 0x00, 0x04, 0x00, 0x00, 0x30, 0x22, 0xe2,
    0x5f, 0x04, 0x00, 0x00, 0x00, 0x20, 0x33, 0xe2, 0xa4, 0x04, 0x00, 0x00, 0x05, 0x56, 0x00, 0x00,
    0x00, 0xa0, 0x33, 0xf2, 0x71, 0x04, 0xa6, 0x04, 0x00, 0xa0, 0x30, 0xf2, 0x5d, 0x04, 0xa7, 0x04,
    0xf4, 0x64, 0x00, 0x00, 0x94, 0x12, 0x00, 0x00, 0xa0, 0x12, 0x00, 0x00, 0x01, 0x00, 0x04, 0x00,
    0x00, 0x10, 0x31, 0x92, 0x5d, 0x04, 0x6e, 0x04, 0x00, 0x40, 0x22, 0xf2, 0xa9, 0x04, 0x00, 0x00,
    0x05, 0xb6, 0x01, 0x00, 0x00, 0xa0, 0x33, 0xf2, 0xaa, 0x04, 0xab, 0x04, 0x00, 0xd0, 0x39, 0xe2,
    0xac, 0x04, 0x00, 0x00, 0x05, 0x4e, 0x00, 0x00, 0x00, 0x70, 0x33, 0xe2, 0xad, 0x04, 0xae, 0x04,
    0x00, 0xe0, 0x39, 0xe2, 0xac, 0x04, 0x00, 0x00, 0x00, 0x00, 0x35, 0xf2, 0xaf, 0x04, 0xb0, 0x04,
    0x00, 0x10, 0x37, 0xf2, 0x65, 0x04, 0x00, 0x00, 0x00, 0xa0, 0x33, 0xf2, 0xb2, 0x04, 0x6d, 0x04,
    0x00, 0x70, 0x33, 0xf2, 0xb1, 0x04, 0xb3, 0x04, 0x00, 0xd0, 0x39, 0xe2, 0xb4, 0x04, 0x00, 0x00,
    0x05, 0x0e, 0x00, 0x02, 0x00, 0x70, 0x33, 0xe2, 0xb5, 0x04, 0xb6, 0x04, 0x00, 0xe0, 0x39, 0xe2,
    0xb4, 0x04, 0x00, 0x00, 0x00, 0x00, 0x35, 0xf2, 0xb7, 0x04, 0xb8, 0x04, 0x00, 0x10, 0x37, 0xf2,
    0xa1, 0x04, 0x00, 0x00, 0x05, 0x56, 0x03, 0x00, 0x00, 0xa0, 0x33, 0xf2, 0xba, 0x04, 0xbb, 0x04,
    0x00, 0x70, 0x33, 0xf2, 0xb9, 0x04, 0xbc, 0x04, 0x00, 0x00, 0x37, 0xe2, 0xbd, 0x04, 0x00, 0x00,
    0xf4, 0x64, 0x00, 0x00, 0xf8, 0x12, 0x00, 0x00, 0x88, 0x12, 0x00, 0x00, 0x01, 0x00, 0x04, 0x00,
    0x00, 0x00, 0x37, 0xe2, 0x5d, 0x04, 0x00, 0x00, 0x05, 0x56, 0x00, 0x00, 0x00, 0xa0, 0x33, 0xf2,
    0x71, 0x04, 0xc0, 0x04, 0x00, 0xa0, 0x30, 0xf2, 0xa2, 0x04, 0xc1, 0x04, 0xf4, 0x64, 0x00, 0x00,
    0xfc, 0x12, 0x00, 0x00, 0x08, 0x13, 0x00, 0x00, 0x01, 0x00, 0x04, 0x00, 0x00, 0xe0, 0x39, 0xe2,
    0x5d, 0x04, 0x00, 0x00, 0x05, 0x57, 0x00, 0x00, 0x05, 0x56, 0x00, 0x00, 0x00, 0xa0, 0x33, 0xf2,
    0xc4, 0x04, 0xc5, 0x04, 0x00, 0xa0, 0x30, 0xf2, 0xa2, 0x04, 0xc6, 0x04, 0xf4, 0x64, 0x00, 0x00,
    0x0c, 0x13, 0x00, 0x00, 0x1c, 0x13, 0x00, 0x00, 0x01, 0x00, 0x04, 0x00, 0x05, 0x56, 0x00, 0x00,
    0x00, 0xa0, 0x33, 0xf2, 0x6f, 0x04, 0xc8, 0x04, 0x00, 0xa0, 0x30, 0xf2, 0xa2, 0x04, 0xc9, 0x04,
    0xf4, 0x64, 0x00, 0x00, 0xb0, 0x11, 0x00, 0x00, 0x28, 0x13, 0x00, 0x00, 0x01, 0x00, 0x04, 0x00,
    0x05, 0x97, 0x00, 0x00, 0x05, 0x56, 0x00, 0x00, 0x00, 0xa0, 0x33, 0xf2, 0xcb, 0x04, 0xcc, 0x04,
    0x00, 0xa0, 0x30, 0xf2, 0xa2, 0x04, 0xcd, 0x04, 0x01, 0x00, 0x00, 0x00, 0x00, 0x00, 0x00, 0x00,
    0x00, 0x00, 0x00, 0x00, 0x00, 0x00, 0x00, 0x00, 0x00, 0x00, 0x00, 0x00, 0x00, 0x00, 0x00, 0x00,
    0x01, 0x00, 0x00, 0x00, 0x28, 0x00, 0x00, 0xf2, 0xce, 0x04, 0x00, 0x00, 0xa3, 0x04, 0x00, 0x00,
    0xa2, 0x04, 0x00, 0x00, 0xcf, 0x04, 0x00, 0x00, 0x01, 0x00, 0x00, 0x00, 0x00, 0x00, 0x00, 0x00,
    0x00, 0x00, 0x00, 0x00, 0x00, 0x00, 0x00, 0x00, 0x00, 0x00, 0x00, 0x00, 0x00, 0x00, 0x00, 0x00,
    0x3d, 0x00, 0x00, 0x00, 0x28, 0x00, 0x00, 0xf2, 0xd1, 0x04, 0x00, 0x00, 0xd0, 0x04, 0x00, 0x00,
    0x5b, 0x04, 0x00, 0x00, 0xd2, 0x04, 0x00, 0x00, 0x64, 0x51, 0x00, 0xe2, 0x70, 0x11, 0x00, 0x00,
    0x00, 0x04, 0x00, 0x00, 0x05, 0x97, 0x00, 0x00, 0x00, 0xa0, 0x30, 0xf2, 0x5c, 0x04, 0xd6, 0x04,
    0x64, 0x51, 0x00, 0xe2, 0x5c, 0x13, 0x00, 0x00, 0x00, 0x04, 0x00, 0x00, 0x05, 0x17, 0x01, 0x00,
    0x00, 0xa0, 0x30, 0xf2, 0x5c, 0x04, 0xd9, 0x04, 0x64, 0x51, 0x00, 0xe2, 0x68, 0x13, 0x00, 0x00,
    0x00, 0x04, 0x00, 0x00, 0x05, 0x97, 0x01, 0x00, 0x00, 0xa0, 0x30, 0xf2, 0x5c, 0x04, 0xdc, 0x04,
    0x64, 0x51, 0x00, 0xe2, 0x74, 0x13, 0x00, 0x00, 0x00, 0x04, 0x00, 0x00, 0x05, 0x0e, 0x00, 0x00,
    0x05, 0x16, 0x01, 0x00, 0x05, 0xb7, 0x00, 0x00, 0x05, 0x37, 0x00, 0x00, 0x00, 0x40, 0x22, 0xf2,
    0x60, 0x04, 0x00, 0x00, 0x00, 0xa0, 0x33, 0xf2, 0xe3, 0x04, 0xe0, 0x04, 0x00, 0xd0, 0x39, 0xe2,
    0xe4, 0x04, 0x00, 0x00, 0x05, 0xb6, 0x00, 0x00, 0x00, 0x70, 0x33, 0xe2, 0xe5, 0x04, 0xe6, 0x04,
    0x00, 0xe0, 0x39, 0xe2, 0xe4, 0x04, 0x00, 0x00, 0x00, 0x00, 0x35, 0xf2, 0xe7, 0x04, 0xe8, 0x04,
    0x00, 0x40, 0x22, 0xf2, 0x61, 0x04, 0x00, 0x00, 0x05, 0xb6, 0x01, 0x00, 0x00, 0xa0, 0x33, 0xf2,
    0xea, 0x04, 0xeb, 0x04, 0x00, 0x70, 0x33, 0xf2, 0xe9, 0x04, 0xec, 0x04, 0x05, 0x77, 0x00, 0x00,
    0x00, 0xd0, 0x39, 0xe2, 0xed, 0x04, 0x00, 0x00, 0x05, 0x0e, 0x00, 0x7b, 0x00, 0x70, 0x33, 0xe2,
    0xf0, 0x04, 0xef, 0x04, 0xf4, 0x64, 0x00, 0x00, 0xc4, 0x13, 0x00, 0x00, 0x50, 0x13, 0x00, 0x00,
    0x01, 0x00, 0x04, 0x00, 0x00, 0x40, 0x22, 0xf2, 0x5f, 0x04, 0x00, 0x00, 0x00, 0xa0, 0x33, 0xf2,
    0xf2, 0x04, 0xe0, 0x04, 0x00, 0x00, 0x37, 0xe2, 0xf3, 0x04, 0x00, 0x00, 0x05, 0x56, 0x00, 0x00,
    0x00, 0xa0, 0x33, 0xf2, 0xe2, 0x04, 0xf5, 0x04, 0x00, 0xa0, 0x30, 0xf2, 0xd4, 0x04, 0xf6, 0x04,
    0xf4, 0x64, 0x00, 0x00, 0xd0, 0x13, 0x00, 0x00, 0xdc, 0x13, 0x00, 0x00, 0x01, 0x00, 0x04, 0x00,
    0x05, 0x57, 0x00, 0x00, 0x05, 0x56, 0x00, 0x00, 0x00, 0xa0, 0x33, 0xf2, 0xf8, 0x04, 0xf9, 0x04,
    0x00, 0xa0, 0x30, 0xf2, 0xd4, 0x04, 0xfa, 0x04, 0xf4, 0x64, 0x00, 0x00, 0x54, 0x13, 0x00, 0x00,
    0xec, 0x13, 0x00, 0x00, 0x01, 0x00, 0x04, 0x00, 0x05, 0x56, 0x00, 0x00, 0x00, 0xa0, 0x33, 0xf2,
    0xee, 0x04, 0xfc, 0x04, 0x00, 0xa0, 0x30, 0xf2, 0xd4, 0x04, 0xfd, 0x04, 0xf4, 0x64, 0x00, 0x00,
    0x6c, 0x13, 0x00, 0x00, 0xf8, 0x13, 0x00, 0x00, 0x01, 0x00, 0x04, 0x00, 0x05, 0x97, 0x00, 0x00,
    0x05, 0x56, 0x00, 0x00, 0x00, 0xa0, 0x33, 0xf2, 0xff, 0x04, 0x00, 0x05, 0x00, 0xa0, 0x30, 0xf2,
    0xd4, 0x04, 0x01, 0x05, 0xf4, 0x64, 0x00, 0x00, 0x60, 0x13, 0x00, 0x00, 0x08, 0x14, 0x00, 0x00,
    0x01, 0x00, 0x04, 0x00, 0x05, 0x56, 0x00, 0x00, 0x00, 0xa0, 0x33, 0xf2, 0xe1, 0x04, 0x03, 0x05,
    0x00, 0xa0, 0x30, 0xf2, 0xd4, 0x04, 0x04, 0x05, 0xf4, 0x64, 0x00, 0x00, 0x78, 0x13, 0x00, 0x00,
    0x14, 0x14, 0x00, 0x00, 0x01, 0x00, 0x04, 0x00, 0x05, 0xd7, 0x00, 0x00, 0x05, 0x56, 0x00, 0x00,
    0x00, 0xa0, 0x33, 0xf2, 0x06, 0x05, 0x07, 0x05, 0x00, 0xa0, 0x30, 0xf2, 0xd4, 0x04, 0x08, 0x05,
    0xf4, 0x64, 0x00, 0x00, 0x7c, 0x13, 0x00, 0x00, 0x24, 0x14, 0x00, 0x00, 0x01, 0x00, 0x04, 0x00,
    0x03, 0x00, 0x00, 0x00, 0x00, 0x00, 0x00, 0x00, 0x00, 0x00, 0x00, 0x00, 0x02, 0x00, 0x00, 0x00,
    0x05, 0x97, 0x01, 0x00, 0x00, 0x70, 0x33, 0x92, 0x62, 0x04, 0x63, 0x04, 0x01, 0x00, 0x00, 0x00,
    0x30, 0x14, 0x00, 0x00, 0x00, 0x00, 0x00, 0x00, 0x05, 0x00, 0x00, 0x00, 0x00, 0x00, 0x00, 0x00,
    0x00, 0x00, 0x00, 0x00, 0x0b, 0x00, 0x00, 0x00, 0x05, 0x36, 0x00, 0x00, 0x05, 0x16, 0x01, 0x00,
    0x05, 0x16, 0x02, 0x00, 0x05, 0x0f, 0x00, 0x00, 0x05, 0x77, 0x00, 0x00, 0x05, 0x06, 0x00, 0x00,
    0x03, 0x00, 0x08, 0x78, 0xf4, 0x64, 0x00, 0x00, 0x4c, 0x14, 0x00, 0x00, 0x6c, 0x11, 0x00, 0x00,
    0x01, 0x00, 0x04, 0x00, 0x05, 0x37, 0x00, 0x00, 0x05, 0x56, 0x00, 0x00, 0x00, 0xa0, 0x33, 0xf2,
    0x14, 0x05, 0x15, 0x05, 0x00, 0xa0, 0x30, 0xf2, 0x5b, 0x04, 0x16, 0x05, 0x01, 0x00, 0x00, 0x00,
    0x88, 0x11, 0x00, 0x00, 0x00, 0x00, 0x00, 0x00, 0x01, 0x00, 0x00, 0x00, 0x00, 0x00, 0x00, 0x00,
    0x00, 0x00, 0x00, 0x00, 0x2d, 0x00, 0x00, 0x00, 0x00, 0xa0, 0x30, 0xe2, 0x64, 0x04, 0x0e, 0x05,
    0x00, 0xa0, 0x30, 0xf2, 0x5c, 0x04, 0x0b, 0x05, 0x00, 0x10, 0x31, 0x92, 0x1a, 0x05, 0x11, 0x05,
    0x00, 0x40, 0x22, 0xf2, 0x1b, 0x05, 0x00, 0x00, 0x05, 0xb6, 0x01, 0x00, 0x00, 0xa0, 0x33, 0xf2,
    0x1c, 0x05, 0x1d, 0x05, 0x00, 0xd0, 0x39, 0xe2, 0x1e, 0x05, 0x00, 0x00, 0x05, 0x4e, 0x00, 0x00,
    0x00, 0x70, 0x33, 0xe2, 0x1f, 0x05, 0x20, 0x05, 0x00, 0xe0, 0x39, 0xe2, 0x1e, 0x05, 0x00, 0x00,
    0x00, 0x00, 0x35, 0xf2, 0x21, 0x05, 0x22, 0x05, 0x00, 0x10, 0x37, 0xf2, 0x65, 0x04, 0x00, 0x00,
    0x00, 0xa0, 0x33, 0xf2, 0x24, 0x05, 0x10, 0x05, 0x00, 0x70, 0x33, 0xf2, 0x23, 0x05, 0x25, 0x05,
    0x00, 0xd0, 0x39, 0xe2, 0x26, 0x05, 0x00, 0x00, 0x05, 0x0e, 0x00, 0x02, 0x00, 0x70, 0x33, 0xe2,
    0x27, 0x05, 0x28, 0x05, 0x00, 0xe0, 0x39, 0xe2, 0x26, 0x05, 0x00, 0x00, 0x00, 0x00, 0x35, 0xf2,
    0x29, 0x05, 0x2a, 0x05, 0x00, 0x10, 0x37, 0xf2, 0x64, 0x04, 0x00, 0x00, 0x05, 0x56, 0x03, 0x00,
    0x00, 0xa0, 0x33, 0xf2, 0x2c, 0x05, 0x2d, 0x05, 0x00, 0x70, 0x33, 0xf2, 0x2b, 0x05, 0x2e, 0x05,
    0x00, 0x00, 0x37, 0xe2, 0x2f, 0x05, 0x00, 0x00, 0xf4, 0x64, 0x00, 0x00, 0xc0, 0x14, 0x00, 0x00,
    0x5c, 0x14, 0x00, 0x00, 0x01, 0x00, 0x04, 0x00, 0x00, 0x00, 0x37, 0xe2, 0x1a, 0x05, 0x00, 0x00,
    0x05, 0x57, 0x00, 0x00, 0x05, 0x56, 0x00, 0x00, 0x00, 0xa0, 0x33, 0xf2, 0x32, 0x05, 0x33, 0x05,
    0x00, 0xa0, 0x30, 0xf2, 0x5b, 0x04, 0x34, 0x05, 0xf4, 0x64, 0x00, 0x00, 0xc4, 0x14, 0x00, 0x00,
    0xd4, 0x14, 0x00, 0x00, 0x01, 0x00, 0x04, 0x00, 0x00, 0xe0, 0x39, 0xe2, 0x1a, 0x05, 0x00, 0x00,
    0x05, 0x56, 0x00, 0x00, 0x00, 0xa0, 0x33, 0xf2, 0x12, 0x05, 0x37, 0x05, 0x00, 0xa0, 0x30, 0xf2,
    0x5b, 0x04, 0x38, 0x05, 0xf4, 0x64, 0x00, 0x00, 0xd8, 0x14, 0x00, 0x00, 0xe4, 0x14, 0x00, 0x00,
    0x01, 0x00, 0x04, 0x00, 0x05, 0x97, 0x00, 0x00, 0x05, 0x56, 0x00, 0x00, 0x00, 0xa0, 0x33, 0xf2,
    0x3a, 0x05, 0x3b, 0x05, 0x00, 0xa0, 0x30, 0xf2, 0x5b, 0x04, 0x3c, 0x05, 0xf4, 0x64, 0x00, 0x00,
    0x3c, 0x14, 0x00, 0x00, 0xf4, 0x14, 0x00, 0x00, 0x01, 0x00, 0x04, 0x00, 0x05, 0xb7, 0x00, 0x00,
    0x05, 0x56, 0x00, 0x00, 0x00, 0xa0, 0x33, 0xf2, 0x3e, 0x05, 0x3f, 0x05, 0x00, 0xa0, 0x30, 0xf2,
    0x5b, 0x04, 0x40, 0x05, 0x01, 0x00, 0x00, 0x00, 0x00, 0x00, 0x00, 0x00, 0x00, 0x00, 0x00, 0x00,
    0x00, 0x00, 0x00, 0x00, 0x00, 0x00, 0x00, 0x00, 0x00, 0x00, 0x00, 0x00, 0x02, 0x00, 0x00, 0x00,
    0x28, 0x00, 0x00, 0xe2, 0x19, 0x05, 0x00, 0x00, 0x18, 0x05, 0x00, 0x00, 0x64, 0x04, 0x00, 0x00,
    0x42, 0x05, 0x00, 0x00, 0x28, 0x00, 0x00, 0xf2, 0x41, 0x05, 0x00, 0x00, 0x18, 0x05, 0x00, 0x00,
    0x17, 0x05, 0x00, 0x00, 0x42, 0x05, 0x00, 0x00, 0x01, 0x00, 0x00, 0x00, 0x8c, 0x11, 0x00, 0x00,
    0x00, 0x00, 0x00, 0x00, 0x01, 0x00, 0x00, 0x00, 0x00, 0x00, 0x00, 0x00, 0x00, 0x00, 0x00, 0x00,
    0x31, 0x00, 0x00, 0x00, 0xf4, 0x64, 0x00, 0x00, 0x78, 0x11, 0x00, 0x00, 0x74, 0x11, 0x00, 0x00,
    0x01, 0x00, 0x04, 0x00, 0x00, 0x30, 0x22, 0xe2, 0x5f, 0x04, 0x00, 0x00, 0x00, 0x20, 0x33, 0xe2,
    0x47, 0x05, 0x00, 0x00, 0x05, 0x56, 0x00, 0x00, 0x00, 0xa0, 0x33, 0xf2, 0x14, 0x05, 0x49, 0x05,
    0x00, 0xa0, 0x30, 0xf2, 0x5d, 0x04, 0x4a, 0x05, 0xf4, 0x64, 0x00, 0x00, 0x20, 0x15, 0x00, 0x00,
    0x2c, 0x15, 0x00, 0x00, 0x01, 0x00, 0x04, 0x00, 0x00, 0x10, 0x31, 0x92, 0x5d, 0x04, 0x11, 0x05,
    0x00, 0x40, 0x22, 0xf2, 0x4c, 0x05, 0x00, 0x00, 0x05, 0xb6, 0x01, 0x00, 0x00, 0xa0, 0x33, 0xf2,
    0x4d, 0x05, 0x4e, 0x05, 0x00, 0xd0, 0x39, 0xe2, 0x4f, 0x05, 0x00, 0x00, 0x05, 0x4e, 0x00, 0x00,
    0x00, 0x70, 0x33, 0xe2, 0x50, 0x05, 0x51, 0x05, 0x00, 0xe0, 0x39, 0xe2, 0x4f, 0x05, 0x00, 0x00,
    0x00, 0x00, 0x35, 0xf2, 0x52, 0x05, 0x53, 0x05, 0x00, 0x10, 0x37, 0xf2, 0x65, 0x04, 0x00, 0x00,
    0x00, 0xa0, 0x33, 0xf2, 0x55, 0x05, 0x10, 0x05, 0x00, 0x70, 0x33, 0xf2, 0x54, 0x05, 0x56, 0x05,
    0x00, 0xd0, 0x39, 0xe2, 0x57, 0x05, 0x00, 0x00, 0x05, 0x0e, 0x00, 0x02, 0x00, 0x70, 0x33, 0xe2,
    0x58, 0x05, 0x59, 0x05, 0x00, 0xe0, 0x39, 0xe2, 0x57, 0x05, 0x00, 0x00, 0x00, 0x00, 0x35, 0xf2,
    0x5a, 0x05, 0x5b, 0x05, 0x00, 0x10, 0x37, 0xf2, 0x44, 0x05, 0x00, 0x00, 0x05, 0x56, 0x03, 0x00,
    0x00, 0xa0, 0x33, 0xf2, 0x5d, 0x05, 0x5e, 0x05, 0x00, 0x70, 0x33, 0xf2, 0x5c, 0x05, 0x5f, 0x05,
    0x00, 0x00, 0x37, 0xe2, 0x60, 0x05, 0x00, 0x00, 0xf4, 0x64, 0x00, 0x00, 0x84, 0x15, 0x00, 0x00,
    0x14, 0x15, 0x00, 0x00, 0x01, 0x00, 0x04, 0x00, 0x00, 0x00, 0x37, 0xe2, 0x5d, 0x04, 0x00, 0x00,
    0x05, 0x56, 0x00, 0x00, 0x00, 0xa0, 0x33, 0xf2, 0x14, 0x05, 0x63, 0x05, 0x00, 0xa0, 0x30, 0xf2,
    0x45, 0x05, 0x64, 0x05, 0xf4, 0x64, 0x00, 0x00, 0x88, 0x15, 0x00, 0x00, 0x94, 0x15, 0x00, 0x00,
    0x01, 0x00, 0x04, 0x00, 0x00, 0xe0, 0x39, 0xe2, 0x5d, 0x04, 0x00, 0x00, 0x05, 0x57, 0x00, 0x00,
    0x05, 0x56, 0x00, 0x00, 0x00, 0xa0, 0x33, 0xf2, 0x67, 0x05, 0x68, 0x05, 0x00, 0xa0, 0x30, 0xf2,
    0x45, 0x05, 0x69, 0x05, 0xf4, 0x64, 0x00, 0x00, 0x98, 0x15, 0x00, 0x00, 0xa8, 0x15, 0x00, 0x00,
    0x01, 0x00, 0x04, 0x00, 0x05, 0x56, 0x00, 0x00, 0x00, 0xa0, 0x33, 0xf2, 0x12, 0x05, 0x6b, 0x05,
    0x00, 0xa0, 0x30, 0xf2, 0x45, 0x05, 0x6c, 0x05, 0xf4, 0x64, 0x00, 0x00, 0x3c, 0x14, 0x00, 0x00,
    0xb4, 0x15, 0x00, 0x00, 0x01, 0x00, 0x04, 0x00, 0x05, 0x97, 0x00, 0x00, 0x05, 0x56, 0x00, 0x00,
    0x00, 0xa0, 0x33, 0xf2, 0x6e, 0x05, 0x6f, 0x05, 0x00, 0xa0, 0x30, 0xf2, 0x45, 0x05, 0x70, 0x05,
    0x01, 0x00, 0x00, 0x00, 0x00, 0x00, 0x00, 0x00, 0x00, 0x00, 0x00, 0x00, 0x00, 0x00, 0x00, 0x00,
    0x00, 0x00, 0x00, 0x00, 0x00, 0x00, 0x00, 0x00, 0x01, 0x00, 0x00, 0x00, 0x28, 0x00, 0x00, 0xf2,
    0x71, 0x05, 0x00, 0x00, 0x46, 0x05, 0x00, 0x00, 0x45, 0x05, 0x00, 0x00, 0x72, 0x05, 0x00, 0x00,
    0x01, 0x00, 0x00, 0x00, 0x00, 0x00, 0x00, 0x00, 0x00, 0x00, 0x00, 0x00, 0x00, 0x00, 0x00, 0x00,
    0x00, 0x00, 0x00, 0x00, 0x00, 0x00, 0x00, 0x00, 0x3f, 0x00, 0x00, 0x00, 0x28, 0x00, 0x00, 0xf2,
    0x74, 0x05, 0x00, 0x00, 0x73, 0x05, 0x00, 0x00, 0x5b, 0x04, 0x00, 0x00, 0x75, 0x05, 0x00, 0x00,
    0x64, 0x51, 0x00, 0xe2, 0x70, 0x11, 0x00, 0x00, 0x00, 0x04, 0x00, 0x00, 0x05, 0x97, 0x00, 0x00,
    0x00, 0xa0, 0x30, 0xf2, 0x5c, 0x04, 0x79, 0x05, 0x64, 0x51, 0x00, 0xe2, 0xe8, 0x15, 0x00, 0x00,
    0x00, 0x04, 0x00, 0x00, 0x05, 0x17, 0x01, 0x00, 0x00, 0xa0, 0x30, 0xf2, 0x5c, 0x04, 0x7c, 0x05,
    0x64, 0x51, 0x00, 0xe2, 0xf4, 0x15, 0x00, 0x00, 0x00, 0x04, 0x00, 0x00, 0x05, 0x97, 0x01, 0x00,
    0x00, 0xa0, 0x30, 0xf2, 0x5c, 0x04, 0x7f, 0x05, 0x64, 0x51, 0x00, 0xe2, 0x00, 0x16, 0x00, 0x00,
    0x00, 0x04, 0x00, 0x00, 0x05, 0x17, 0x02, 0x00, 0x00, 0xa0, 0x30, 0xf2, 0x5c, 0x04, 0x82, 0x05,
    0x64, 0x51, 0x00, 0xe2, 0x0c, 0x16, 0x00, 0x00, 0x00, 0x04, 0x00, 0x00, 0x05, 0x16, 0x01, 0x00,
    0x05, 0xb7, 0x00, 0x00, 0x05, 0x37, 0x00, 0x00, 0x00, 0x40, 0x22, 0xf2, 0x60, 0x04, 0x00, 0x00,
    0x00, 0xa0, 0x33, 0xf2, 0x88, 0x05, 0x85, 0x05, 0x00, 0xd0, 0x39, 0xe2, 0x89, 0x05, 0x00, 0x00,
    0x05, 0xb6, 0x00, 0x00, 0x00, 0x70, 0x33, 0xe2, 0x8a, 0x05, 0x8b, 0x05, 0x00, 0xe0, 0x39, 0xe2,
    0x89, 0x05, 0x00, 0x00, 0x00, 0x00, 0x35, 0xf2, 0x8c, 0x05, 0x8d, 0x05, 0x00, 0x40, 0x22, 0xf2,
    0x61, 0x04, 0x00, 0x00, 0x05, 0xb6, 0x01, 0x00, 0x00, 0xa0, 0x33, 0xf2, 0x8f, 0x05, 0x90, 0x05,
    0x00, 0x70, 0x33, 0xf2, 0x8e, 0x05, 0x91, 0x05, 0x05, 0x77, 0x00, 0x00, 0x00, 0xd0, 0x39, 0xe2,
    0x92, 0x05, 0x00, 0x00, 0x05, 0x0e, 0x00, 0x7b, 0x00, 0x70, 0x33, 0xe2, 0x95, 0x05, 0x94, 0x05,
    0xf4, 0x64, 0x00, 0x00, 0x58, 0x16, 0x00, 0x00, 0xdc, 0x15, 0x00, 0x00, 0x01, 0x00, 0x04, 0x00,
    0x00, 0x40, 0x22, 0xf2, 0x5f, 0x04, 0x00, 0x00, 0x00, 0xa0, 0x33, 0xf2, 0x97, 0x05, 0x85, 0x05,
    0x00, 0x00, 0x37, 0xe2, 0x98, 0x05, 0x00, 0x00, 0x05, 0x56, 0x00, 0x00, 0x00, 0xa0, 0x33, 0xf2,
    0x87, 0x05, 0x9a, 0x05, 0x00, 0xa0, 0x30, 0xf2, 0x77, 0x05, 0x9b, 0x05, 0xf4, 0x64, 0x00, 0x00,
    0x64, 0x16, 0x00, 0x00, 0x70, 0x16, 0x00, 0x00, 0x01, 0x00, 0x04, 0x00, 0x05, 0x57, 0x00, 0x00,
    0x05, 0x56, 0x00, 0x00, 0x00, 0xa0, 0x33, 0xf2, 0x9d, 0x05, 0x9e, 0x05, 0x00, 0xa0, 0x30, 0xf2,
    0x77, 0x05, 0x9f, 0x05, 0xf4, 0x64, 0x00, 0x00, 0xe0, 0x15, 0x00, 0x00, 0x80, 0x16, 0x00, 0x00,
    0x01, 0x00, 0x04, 0x00, 0x05, 0x56, 0x00, 0x00, 0x00, 0xa0, 0x33, 0xf2, 0x93, 0x05, 0xa1, 0x05,
    0x00, 0xa0, 0x30, 0xf2, 0x77, 0x05, 0xa2, 0x05, 0xf4, 0x64, 0x00, 0x00, 0xf8, 0x15, 0x00, 0x00,
    0x8c, 0x16, 0x00, 0x00, 0x01, 0x00, 0x04, 0x00, 0x05, 0x97, 0x00, 0x00, 0x05, 0x56, 0x00, 0x00,
    0x00, 0xa0, 0x33, 0xf2, 0xa4, 0x05, 0xa5, 0x05, 0x00, 0xa0, 0x30, 0xf2, 0x77, 0x05, 0xa6, 0x05,
    0xf4, 0x64, 0x00, 0x00, 0xec, 0x15, 0x00, 0x00, 0x9c, 0x16, 0x00, 0x00, 0x01, 0x00, 0x04, 0x00,
    0x05, 0x56, 0x00, 0x00, 0x00, 0xa0, 0x33, 0xf2, 0x86, 0x05, 0xa8, 0x05, 0x00, 0xa0, 0x30, 0xf2,
    0x77, 0x05, 0xa9, 0x05, 0xf4, 0x64, 0x00, 0x00, 0x10, 0x16, 0x00, 0x00, 0xa8, 0x16, 0x00, 0x00,
    0x01, 0x00, 0x04, 0x00, 0x05, 0xd7, 0x00, 0x00, 0x05, 0x56, 0x00, 0x00, 0x00, 0xa0, 0x33, 0xf2,
    0xab, 0x05, 0xac, 0x05, 0x00, 0xa0, 0x30, 0xf2, 0x77, 0x05, 0xad, 0x05, 0xf4, 0x64, 0x00, 0x00,
    0x04, 0x16, 0x00, 0x00, 0xb8, 0x16, 0x00, 0x00, 0x01, 0x00, 0x04, 0x00, 0x00, 0x00, 0x00, 0x00,
    0x00, 0x00, 0x00, 0x00, 0x00, 0x00, 0x00, 0x00, 0x01, 0x00, 0x00, 0x00, 0x02, 0x00, 0x00, 0x00,
    0x01, 0x00, 0x00, 0x00, 0x11, 0x08, 0x00, 0x40, 0x73, 0x74, 0x72, 0x75, 0x63, 0x74, 0x2e, 0x47,
    0x46, 0x58, 0x32, 0x30, 0x5f, 0x4d, 0x49, 0x5f, 0x42, 0x41, 0x54, 0x43, 0x48, 0x5f, 0x42, 0x55,
    0x46, 0x46, 0x45, 0x52, 0x5f, 0x53, 0x54, 0x41, 0x52, 0x54, 0x00, 0x00, 0x40, 0x02, 0x00, 0x00,
    0x66, 0x69, 0x65, 0x6c, 0x64, 0x30, 0x00, 0x00, 0xff, 0xff, 0xff, 0xff, 0x00, 0x00, 0x00, 0x00,
    0x00, 0x00, 0x00, 0x00, 0x00, 0x00, 0x00, 0x00, 0x00, 0x00, 0x00, 0x00, 0x00, 0x00, 0x00, 0x00,
    0x00, 0x00, 0x00, 0x00, 0x40, 0x02, 0x00, 0x00, 0x66, 0x69, 0x65, 0x6c, 0x64, 0x31, 0x00, 0x00,
    0xff, 0xff, 0xff, 0xff, 0x00, 0x00, 0x00, 0x00, 0x04, 0x00, 0x00, 0x00, 0x00, 0x00, 0x00, 0x00,
    0x00, 0x00, 0x00, 0x00, 0x00, 0x00, 0x00, 0x00, 0x00, 0x00, 0x00, 0x00, 0x45, 0x02, 0x00, 0x00,
    0x66, 0x69, 0x65, 0x6c, 0x64, 0x32, 0x00, 0x00, 0xff, 0xff, 0xff, 0xff, 0x00, 0x00, 0x00, 0x00,
    0x08, 0x00, 0x00, 0x00, 0x00, 0x00, 0x00, 0x00, 0x00, 0x00, 0x00, 0x00, 0x00, 0x00, 0x00, 0x00,
    0x00, 0x00, 0x00, 0x00, 0x45, 0x02, 0x00, 0x00, 0x66, 0x69, 0x65, 0x6c, 0x64, 0x33, 0x00, 0x00,
    0xff, 0xff, 0xff, 0xff, 0x00, 0x00, 0x00, 0x00, 0x09, 0x00, 0x00, 0x00, 0x00, 0x00, 0x00, 0x00,
    0x00, 0x00, 0x00, 0x00, 0x00, 0x00, 0x00, 0x00, 0x00, 0x00, 0x00, 0x00, 0x40, 0x02, 0x00, 0x00,
    0x66, 0x69, 0x65, 0x6c, 0x64, 0x34, 0x00, 0x00, 0xff, 0xff, 0xff, 0xff, 0x00, 0x00, 0x00, 0x00,
    0x0c, 0x00, 0x00, 0x00, 0x00, 0x00, 0x00, 0x00, 0x00, 0x00, 0x00, 0x00, 0x00, 0x00, 0x00, 0x00,
    0x00, 0x00, 0x00, 0x00, 0x40, 0x02, 0x00, 0x00, 0x66, 0x69, 0x65, 0x6c, 0x64, 0x35, 0x00, 0x00,
    0xff, 0xff, 0xff, 0xff, 0x00, 0x00, 0x00, 0x00, 0x10, 0x00, 0x00, 0x00, 0x00, 0x00, 0x00, 0x00,
    0x00, 0x00, 0x00, 0x00, 0x00, 0x00, 0x00, 0x00, 0x00, 0x00, 0x00, 0x00, 0x40, 0x02, 0x00, 0x00,
    0x66, 0x69, 0x65, 0x6c, 0x64, 0x36, 0x00, 0x00, 0xff, 0xff, 0xff, 0xff, 0x00, 0x00, 0x00, 0x00,
    0x14, 0x00, 0x00, 0x00, 0x00, 0x00, 0x00, 0x00, 0x00, 0x00, 0x00, 0x00, 0x00, 0x00, 0x00, 0x00,
    0x00, 0x00, 0x00, 0x00, 0x49, 0x02, 0x00, 0x00, 0x66, 0x69, 0x65, 0x6c, 0x64, 0x37, 0x00, 0x00,
    0xff, 0xff, 0xff, 0xff, 0x00, 0x00, 0x00, 0x00, 0x18, 0x00, 0x00, 0x00, 0x00, 0x00, 0x00, 0x00,
    0x00, 0x00, 0x00, 0x00, 0x00, 0x00, 0x00, 0x00, 0x00, 0x00, 0x00, 0x00, 0x76, 0x00, 0x00, 0x80,
    0x00, 0x00, 0x00, 0x00, 0x00, 0x00, 0x00, 0x00, 0x00, 0x00, 0x00, 0x00, 0x00, 0x00, 0x00, 0x00,
    0x00, 0x00, 0x00, 0x00, 0x00, 0x00, 0x00, 0x00, 0x00, 0x00, 0xff, 0xff, 0xff, 0xff, 0x08, 0x00,
    0x00, 0x00, 0xf0, 0x05, 0x00, 0x00, 0x00, 0x00, 0x00, 0x00, 0x00, 0x00, 0x00, 0x00, 0x00, 0x00,
    0x00, 0x00, 0x00, 0x00, 0x00, 0x00, 0x00, 0x00, 0x01, 0x28, 0x00, 0x00, 0x76, 0x00, 0x00, 0x00,
    0x00, 0x00, 0x20, 0x00, 0x03, 0x00, 0x00, 0x00, 0x00, 0x00, 0x00, 0x00, 0x00, 0x00, 0x00, 0x00,
    0x14, 0x00, 0x00, 0x00, 0x14, 0x15, 0x00, 0xf2, 0x14, 0x15, 0x01, 0xe2, 0x14, 0x15, 0x02, 0xe2,
    0x14, 0x15, 0x03, 0xe2, 0x14, 0x15, 0x04, 0xe2, 0x14, 0x15, 0x05, 0xe2, 0x14, 0x15, 0x06, 0xf2,
    0x14, 0x15, 0x07, 0xf2, 0x05, 0x56, 0x00, 0x00, 0x00, 0x50, 0x28, 0xe2, 0xb8, 0x05, 0xbb, 0x05,
    0x00, 0xa0, 0x33, 0xe2, 0xbc, 0x05, 0xbb, 0x05, 0x05, 0x0e, 0x00, 0x00, 0x00, 0xe0, 0x32, 0x92,
    0xb6, 0x05, 0xbe, 0x05, 0x05, 0xf6, 0xff, 0xff, 0x00, 0xa0, 0x30, 0xe2, 0xb6, 0x05, 0xc0, 0x05,
    0x00, 0x10, 0x27, 0xe2, 0xbf, 0x05, 0xc1, 0x05, 0xbe, 0x05, 0x00, 0x00, 0x00, 0x10, 0x37, 0xf2,
    0xbd, 0x05, 0x00, 0x00, 0x00, 0xa0, 0x30, 0xf2, 0xb3, 0x05, 0xc3, 0x05, 0x00, 0x10, 0x27, 0xf2,
    0xbf, 0x05, 0xc4, 0x05, 0xb3, 0x05, 0x00, 0x00, 0x00, 0xe0, 0x32, 0x92, 0xb5, 0x05, 0xc2, 0x05,
    0x01, 0x00, 0x00, 0x00, 0x18, 0x17, 0x00, 0x00, 0x00, 0x00, 0x00, 0x00, 0x03, 0x00, 0x00, 0x00,
    0x00, 0x00, 0x00, 0x00, 0x00, 0x00, 0x00, 0x00, 0x02, 0x00, 0x00, 0x00, 0x00, 0xa0, 0x30, 0xe2,
    0xb7, 0x05, 0xc0, 0x05, 0x00, 0x10, 0x31, 0x92, 0xb4, 0x05, 0xc8, 0x05, 0x01, 0x00, 0x00, 0x00,
    0x24, 0x17, 0x00, 0x00, 0x00, 0x00, 0x00, 0x00, 0x01, 0x00, 0x00, 0x00, 0x00, 0x00, 0x00, 0x00,
    0x00, 0x00, 0x00, 0x00, 0x0e, 0x00, 0x00, 0x00, 0x05, 0x37, 0x00, 0x00, 0x05, 0x06, 0x00, 0x00,
    0x01, 0x01, 0x80, 0x18, 0xf4, 0x64, 0x00, 0x00, 0x30, 0x17, 0x00, 0x00, 0x14, 0x17, 0x00, 0x00,
    0x01, 0x00, 0x04, 0x00, 0x00, 0x00, 0x37, 0xe2, 0xb9, 0x05, 0x00, 0x00, 0x05, 0x56, 0x00, 0x00,
    0x00, 0xa0, 0x33, 0xf2, 0xcb, 0x05, 0xce, 0x05, 0x00, 0xa0, 0x30, 0xf2, 0xc5, 0x05, 0xcf, 0x05,
    0xf4, 0x64, 0x00, 0x00, 0x34, 0x17, 0x00, 0x00, 0x40, 0x17, 0x00, 0x00, 0x01, 0x00, 0x04, 0x00,
    0x00, 0xe0, 0x39, 0xe2, 0xb9, 0x05, 0x00, 0x00, 0x05, 0x57, 0x00, 0x00, 0x05, 0x56, 0x00, 0x00,
    0x00, 0xa0, 0x33, 0xf2, 0xd2, 0x05, 0xd3, 0x05, 0x00, 0xa0, 0x30, 0xf2, 0xc5, 0x05, 0xd4, 0x05,
    0xf4, 0x64, 0x00, 0x00, 0x44, 0x17, 0x00, 0x00, 0x54, 0x17, 0x00, 0x00, 0x01, 0x00, 0x04, 0x00,
    0x01, 0x00, 0x00, 0x00, 0x00, 0x00, 0x00, 0x00, 0x00, 0x00, 0x00, 0x00, 0x00, 0x00, 0x00, 0x00,
    0x00, 0x00, 0x00, 0x00, 0x00, 0x00, 0x00, 0x00, 0x00, 0x00, 0x00, 0x00, 0x01, 0x00, 0x00, 0x00,
    0x00, 0x00, 0x00, 0x00, 0x00, 0x00, 0x00, 0x00, 0x0e, 0x00, 0x00, 0x00, 0x05, 0x37, 0x00, 0x00,
    0x05, 0x06, 0x00, 0x00, 0x01, 0x01, 0x80, 0x18, 0xf4, 0x64, 0x00, 0x00, 0x68, 0x17, 0x00, 0x00,
    0x14, 0x17, 0x00, 0x00, 0x01, 0x00, 0x04, 0x00, 0x00, 0x00, 0x37, 0xe2, 0xba, 0x05, 0x00, 0x00,
    0x05, 0x56, 0x00, 0x00, 0x00, 0xa0, 0x33, 0xf2, 0xd9, 0x05, 0xdc, 0x05, 0x00, 0xa0, 0x30, 0xf2,
    0xc5, 0x05, 0xdd, 0x05, 0xf4, 0x64, 0x00, 0x00, 0x6c, 0x17, 0x00, 0x00, 0x78, 0x17, 0x00, 0x00,
    0x01, 0x00, 0x04, 0x00, 0x00, 0xe0, 0x39, 0xe2, 0xba, 0x05, 0x00, 0x00, 0x05, 0x57, 0x00, 0x00,
    0x05, 0x56, 0x00, 0x00, 0x00, 0xa0, 0x33, 0xf2, 0xe0, 0x05, 0xe1, 0x05, 0x00, 0xa0, 0x30, 0xf2,
    0xc5, 0x05, 0xe2, 0x05, 0xf4, 0x64, 0x00, 0x00, 0x7c, 0x17, 0x00, 0x00, 0x8c, 0x17, 0x00, 0x00,
    0x01, 0x00, 0x04, 0x00, 0x00, 0x00, 0x00, 0x00, 0x00, 0x00, 0x00, 0x00, 0x00, 0x00, 0x00, 0x00,
    0x01, 0x00, 0x00, 0x00, 0x03, 0x00, 0x00, 0x00, 0x01, 0x00, 0x00, 0x00, 0x11, 0x05, 0x00, 0x30,
    0x73, 0x74, 0x72, 0x75, 0x63, 0x74, 0x2e, 0x47, 0x46, 0x58, 0x32, 0x30, 0x5f, 0x33, 0x44, 0x53,
    0x54, 0x41, 0x54, 0x45, 0x5f, 0x56, 0x45, 0x52, 0x54, 0x45, 0x58, 0x5f, 0x42, 0x55, 0x46, 0x46,
    0x45, 0x52, 0x53, 0x00, 0x40, 0x02, 0x00, 0x00, 0x66, 0x69, 0x65, 0x6c, 0x64, 0x30, 0x00, 0x00,
    0xff, 0xff, 0xff, 0xff, 0x00, 0x00, 0x00, 0x00, 0x00, 0x00, 0x00, 0x00, 0x00, 0x00, 0x00, 0x00,
    0x00, 0x00, 0x00, 0x00, 0x00, 0x00, 0x00, 0x00, 0x00, 0x00, 0x00, 0x00, 0x40, 0x02, 0x00, 0x00,
    0x66, 0x69, 0x65, 0x6c, 0x64, 0x31, 0x00, 0x00, 0xff, 0xff, 0xff, 0xff, 0x00, 0x00, 0x00, 0x00,
    0x04, 0x00, 0x00, 0x00, 0x00, 0x00, 0x00, 0x00, 0x00, 0x00, 0x00, 0x00, 0x00, 0x00, 0x00, 0x00,
    0x00, 0x00, 0x00, 0x00, 0x40, 0x02, 0x00, 0x00, 0x66, 0x69, 0x65, 0x6c, 0x64, 0x32, 0x00, 0x00,
    0xff, 0xff, 0xff, 0xff, 0x00, 0x00, 0x00, 0x00, 0x08, 0x00, 0x00, 0x00, 0x00, 0x00, 0x00, 0x00,
    0x00, 0x00, 0x00, 0x00, 0x00, 0x00, 0x00, 0x00, 0x00, 0x00, 0x00, 0x00, 0x40, 0x02, 0x00, 0x00,
    0x66, 0x69, 0x65, 0x6c, 0x64, 0x33, 0x00, 0x00, 0xff, 0xff, 0xff, 0xff, 0x00, 0x00, 0x00, 0x00,
    0x0c, 0x00, 0x00, 0x00, 0x00, 0x00, 0x00, 0x00, 0x00, 0x00, 0x00, 0x00, 0x00, 0x00, 0x00, 0x00,
    0x00, 0x00, 0x00, 0x00, 0x40, 0x02, 0x00, 0x00, 0x66, 0x69, 0x65, 0x6c, 0x64, 0x34, 0x00, 0x00,
    0xff, 0xff, 0xff, 0xff, 0x00, 0x00, 0x00, 0x00, 0x10, 0x00, 0x00, 0x00, 0x00, 0x00, 0x00, 0x00,
    0x00, 0x00, 0x00, 0x00, 0x00, 0x00, 0x00, 0x00, 0x00, 0x00, 0x00, 0x00, 0x76, 0x00, 0x00, 0x80,
    0x00, 0x00, 0x00, 0x00, 0x00, 0x00, 0x00, 0x00, 0x00, 0x00, 0x00, 0x00, 0x00, 0x00, 0x00, 0x00,
    0x00, 0x00, 0x00, 0x00, 0x00, 0x00, 0x00, 0x00, 0x00, 0x00, 0xff, 0xff, 0xff, 0xff, 0x04, 0x00,
    0x00, 0x00, 0x30, 0x06, 0x00, 0x00, 0x00, 0x00, 0x00, 0x00, 0x00, 0x00, 0x00, 0x00, 0x00, 0x00,
    0x00, 0x00, 0x00, 0x00, 0x00, 0x00, 0x00, 0x00, 0x01, 0x00, 0x00, 0x00, 0x11, 0x08, 0x00, 0x40,
    0x73, 0x74, 0x72, 0x75, 0x63, 0x74, 0x2e, 0x47, 0x46, 0x58, 0x32, 0x30, 0x5f, 0x56, 0x45, 0x52,
    0x54, 0x45, 0x58, 0x5f, 0x42, 0x55, 0x46, 0x46, 0x45, 0x52, 0x5f, 0x53, 0x54, 0x41, 0x54, 0x45,
    0x00, 0x00, 0x00, 0x00, 0x40, 0x02, 0x00, 0x00, 0x66, 0x69, 0x65, 0x6c, 0x64, 0x30, 0x00, 0x00,
    0xff, 0xff, 0xff, 0xff, 0x00, 0x00, 0x00, 0x00, 0x00, 0x00, 0x00, 0x00, 0x00, 0x00, 0x00, 0x00,
    0x00, 0x00, 0x00, 0x00, 0x00, 0x00, 0x00, 0x00, 0x00, 0x00, 0x00, 0x00, 0x45, 0x02, 0x00, 0x00,
    0x66, 0x69, 0x65, 0x6c, 0x64, 0x31, 0x00, 0x00, 0xff, 0xff, 0xff, 0xff, 0x00, 0x00, 0x00, 0x00,
    0x04, 0x00, 0x00, 0x00, 0x00, 0x00, 0x00, 0x00, 0x00, 0x00, 0x00, 0x00, 0x00, 0x00, 0x00, 0x00,
    0x00, 0x00, 0x00, 0x00, 0x45, 0x02, 0x00, 0x00, 0x66, 0x69, 0x65, 0x6c, 0x64, 0x32, 0x00, 0x00,
    0xff, 0xff, 0xff, 0xff, 0x00, 0x00, 0x00, 0x00, 0x05, 0x00, 0x00, 0x00, 0x00, 0x00, 0x00, 0x00,
    0x00, 0x00, 0x00, 0x00, 0x00, 0x00, 0x00, 0x00, 0x00, 0x00, 0x00, 0x00, 0x40, 0x02, 0x00, 0x00,
    0x66, 0x69, 0x65, 0x6c, 0x64, 0x33, 0x00, 0x00, 0xff, 0xff, 0xff, 0xff, 0x00, 0x00, 0x00, 0x00,
    0x08, 0x00, 0x00, 0x00, 0x00, 0x00, 0x00, 0x00, 0x00, 0x00, 0x00, 0x00, 0x00, 0x00, 0x00, 0x00,
    0x00, 0x00, 0x00, 0x00, 0x45, 0x02, 0x00, 0x00, 0x66, 0x69, 0x65, 0x6c, 0x64, 0x34, 0x00, 0x00,
    0xff, 0xff, 0xff, 0xff, 0x00, 0x00, 0x00, 0x00, 0x0c, 0x00, 0x00, 0x00, 0x00, 0x00, 0x00, 0x00,
    0x00, 0x00, 0x00, 0x00, 0x00, 0x00, 0x00, 0x00, 0x00, 0x00, 0x00, 0x00, 0x40, 0x02, 0x00, 0x00,
    0x66, 0x69, 0x65, 0x6c, 0x64, 0x35, 0x00, 0x00, 0xff, 0xff, 0xff, 0xff, 0x00, 0x00, 0x00, 0x00,
    0x10, 0x00, 0x00, 0x00, 0x00, 0x00, 0x00, 0x00, 0x00, 0x00, 0x00, 0x00, 0x00, 0x00, 0x00, 0x00,
    0x00, 0x00, 0x00, 0x00, 0x49, 0x02, 0x00, 0x00, 0x66, 0x69, 0x65, 0x6c, 0x64, 0x36, 0x00, 0x00,
    0xff, 0xff, 0xff, 0xff, 0x00, 0x00, 0x00, 0x00, 0x18, 0x00, 0x00, 0x00, 0x00, 0x00, 0x00, 0x00,
    0x00, 0x00, 0x00, 0x00, 0x00, 0x00, 0x00, 0x00, 0x00, 0x00, 0x00, 0x00, 0x40, 0x02, 0x00, 0x00,
    0x66, 0x69, 0x65, 0x6c, 0x64, 0x37, 0x00, 0x00, 0xff, 0xff, 0xff, 0xff, 0x00, 0x00, 0x00, 0x00,
    0x20, 0x00, 0x00, 0x00, 0x00, 0x00, 0x00, 0x00, 0x00, 0x00, 0x00, 0x00, 0x00, 0x00, 0x00, 0x00,
    0x00, 0x00, 0x00, 0x00, 0x76, 0x00, 0x00, 0x80, 0x00, 0x00, 0x00, 0x00, 0x00, 0x00, 0x00, 0x00,
    0x00, 0x00, 0x00, 0x00, 0x00, 0x00, 0x00, 0x00, 0x00, 0x00, 0x00, 0x00, 0x00, 0x00, 0x00, 0x00,
    0x00, 0x00, 0xff, 0xff, 0xff, 0xff, 0x08, 0x00, 0x00, 0x00, 0x48, 0x06, 0x00, 0x00, 0x00, 0x00,
    0x00, 0x00, 0x00, 0x00, 0x00, 0x00, 0x00, 0x00, 0x00, 0x00, 0x00, 0x00, 0x00, 0x00, 0x00, 0x00,
    0x01, 0x28, 0x00, 0x00, 0x76, 0x00, 0x00, 0x00, 0x00, 0x00, 0x28, 0x00, 0x03, 0x00, 0x00, 0x00,
    0x00, 0x00, 0x00, 0x00, 0x00, 0x00, 0x00, 0x00, 0x0a, 0x00, 0x00, 0x00, 0x14, 0x15, 0x01, 0xf2,
    0x14, 0x15, 0x02, 0xf2, 0x14, 0x15, 0x03, 0xf2, 0x14, 0x15, 0x04, 0xe2, 0x14, 0x15, 0x05, 0x92,
    0x14, 0x15, 0x06, 0x92, 0x14, 0x15, 0x07, 0x92, 0x14, 0x15, 0x08, 0xe2, 0x14, 0x15, 0x09, 0xe2,
    0x00, 0x70, 0x33, 0x92, 0xee, 0x05, 0xef, 0x05, 0x01, 0x00, 0x00, 0x00, 0xc8, 0x17, 0x00, 0x00,
    0x00, 0x00, 0x00, 0x00, 0x05, 0x00, 0x00, 0x00, 0x00, 0x00, 0x00, 0x00, 0x00, 0x00, 0x00, 0x00,
    0x0b, 0x00, 0x00, 0x00, 0x05, 0x36, 0x00, 0x00, 0x05, 0x16, 0x01, 0x00, 0x05, 0x16, 0x02, 0x00,
    0x05, 0x0f, 0x00, 0x00, 0x05, 0x77, 0x00, 0x00, 0x05, 0x06, 0x00, 0x00, 0x03, 0x00, 0x08, 0x78,
    0xf4, 0x64, 0x00, 0x00, 0xe4, 0x17, 0x00, 0x00, 0xa4, 0x17, 0x00, 0x00, 0x01, 0x00, 0x04, 0x00,
    0x05, 0x37, 0x00, 0x00, 0x05, 0x56, 0x00, 0x00, 0x00, 0xa0, 0x33, 0xf2, 0xfa, 0x05, 0xfb, 0x05,
    0x00, 0xa0, 0x30, 0xf2, 0xe9, 0x05, 0xfc, 0x05, 0x01, 0x00, 0x00, 0x00, 0xb8, 0x17, 0x00, 0x00,
    0x00, 0x00, 0x00, 0x00, 0x01, 0x00, 0x00, 0x00, 0x00, 0x00, 0x00, 0x00, 0x00, 0x00, 0x00, 0x00,
    0x2c, 0x00, 0x00, 0x00, 0x00, 0xa0, 0x30, 0xe2, 0xf0, 0x05, 0xf4, 0x05, 0x00, 0x10, 0x31, 0x92,
    0xea, 0x05, 0xf7, 0x05, 0x00, 0x40, 0x22, 0xf2, 0x00, 0x06, 0x00, 0x00, 0x05, 0xb6, 0x01, 0x00,
    0x00, 0xa0, 0x33, 0xf2, 0x01, 0x06, 0x02, 0x06, 0x00, 0xd0, 0x39, 0xe2, 0x03, 0x06, 0x00, 0x00,
    0x05, 0x4e, 0x00, 0x00, 0x00, 0x70, 0x33, 0xe2, 0x04, 0x06, 0x05, 0x06, 0x00, 0xe0, 0x39, 0xe2,
    0x03, 0x06, 0x00, 0x00, 0x00, 0x00, 0x35, 0xf2, 0x06, 0x06, 0x07, 0x06, 0x00, 0x10, 0x37, 0xf2,
    0xf1, 0x05, 0x00, 0x00, 0x00, 0xa0, 0x33, 0xf2, 0x09, 0x06, 0xf6, 0x05, 0x00, 0x70, 0x33, 0xf2,
    0x08, 0x06, 0x0a, 0x06, 0x00, 0xd0, 0x39, 0xe2, 0x0b, 0x06, 0x00, 0x00, 0x05, 0x0e, 0x00, 0x02,
    0x00, 0x70, 0x33, 0xe2, 0x0c, 0x06, 0x0d, 0x06, 0x00, 0xe0, 0x39, 0xe2, 0x0b, 0x06, 0x00, 0x00,
    0x00, 0x00, 0x35, 0xf2, 0x0e, 0x06, 0x0f, 0x06, 0x00, 0x10, 0x37, 0xf2, 0xf0, 0x05, 0x00, 0x00,
    0x05, 0x56, 0x03, 0x00, 0x00, 0xa0, 0x33, 0xf2, 0x11, 0x06, 0x12, 0x06, 0x00, 0x70, 0x33, 0xf2,
    0x10, 0x06, 0x13, 0x06, 0x00, 0x00, 0x37, 0xe2, 0x14, 0x06, 0x00, 0x00, 0xf4, 0x64, 0x00, 0x00,
    0x54, 0x18, 0x00, 0x00, 0xf4, 0x17, 0x00, 0x00, 0x01, 0x00, 0x04, 0x00, 0x00, 0x00, 0x37, 0xe2,
    0xea, 0x05, 0x00, 0x00, 0x05, 0x57, 0x00, 0x00, 0x05, 0x56, 0x00, 0x00, 0x00, 0xa0, 0x33, 0xf2,
    0x17, 0x06, 0x18, 0x06, 0x00, 0xa0, 0x30, 0xf2, 0xe9, 0x05, 0x19, 0x06, 0xf4, 0x64, 0x00, 0x00,
    0x58, 0x18, 0x00, 0x00, 0x68, 0x18, 0x00, 0x00, 0x01, 0x00, 0x04, 0x00, 0x00, 0xe0, 0x39, 0xe2,
    0xea, 0x05, 0x00, 0x00, 0x05, 0x56, 0x00, 0x00, 0x00, 0xa0, 0x33, 0xf2, 0xf8, 0x05, 0x1c, 0x06,
    0x00, 0xa0, 0x30, 0xf2, 0xe9, 0x05, 0x1d, 0x06, 0xf4, 0x64, 0x00, 0x00, 0x6c, 0x18, 0x00, 0x00,
    0x78, 0x18, 0x00, 0x00, 0x01, 0x00, 0x04, 0x00, 0x05, 0x97, 0x00, 0x00, 0x05, 0x56, 0x00, 0x00,
    0x00, 0xa0, 0x33, 0xf2, 0x1f, 0x06, 0x20, 0x06, 0x00, 0xa0, 0x30, 0xf2, 0xe9, 0x05, 0x21, 0x06,
    0xf4, 0x64, 0x00, 0x00, 0xd4, 0x17, 0x00, 0x00, 0x88, 0x18, 0x00, 0x00, 0x01, 0x00, 0x04, 0x00,
    0x05, 0xb7, 0x00, 0x00, 0x05, 0x56, 0x00, 0x00, 0x00, 0xa0, 0x33, 0xf2, 0x23, 0x06, 0x24, 0x06,
    0x00, 0xa0, 0x30, 0xf2, 0xe9, 0x05, 0x25, 0x06, 0x01, 0x00, 0x00, 0x00, 0x00, 0x00, 0x00, 0x00,
    0x00, 0x00, 0x00, 0x00, 0x00, 0x00, 0x00, 0x00, 0x00, 0x00, 0x00, 0x00, 0x00, 0x00, 0x00, 0x00,
    0x02, 0x00, 0x00, 0x00, 0x28, 0x00, 0x00, 0xe2, 0xff, 0x05, 0x00, 0x00, 0xfe, 0x05, 0x00, 0x00,
    0xf0, 0x05, 0x00, 0x00, 0x27, 0x06, 0x00, 0x00, 0x28, 0x00, 0x00, 0xf2, 0x26, 0x06, 0x00, 0x00,
    0xfe, 0x05, 0x00, 0x00, 0xfd, 0x05, 0x00, 0x00, 0x27, 0x06, 0x00, 0x00, 0x01, 0x00, 0x00, 0x00,
    0xbc, 0x17, 0x00, 0x00, 0x00, 0x00, 0x00, 0x00, 0x01, 0x00, 0x00, 0x00, 0x00, 0x00, 0x00, 0x00,
    0x00, 0x00, 0x00, 0x00, 0x31, 0x00, 0x00, 0x00, 0xf4, 0x64, 0x00, 0x00, 0xb0, 0x17, 0x00, 0x00,
    0xac, 0x17, 0x00, 0x00, 0x01, 0x00, 0x04, 0x00, 0x00, 0x30, 0x22, 0xe2, 0xed, 0x05, 0x00, 0x00,
    0x00, 0x20, 0x33, 0xe2, 0x2c, 0x06, 0x00, 0x00, 0x05, 0x56, 0x00, 0x00, 0x00, 0xa0, 0x33, 0xf2,
    0xfa, 0x05, 0x2e, 0x06, 0x00, 0xa0, 0x30, 0xf2, 0xeb, 0x05, 0x2f, 0x06, 0xf4, 0x64, 0x00, 0x00,
    0xb4, 0x18, 0x00, 0x00, 0xc0, 0x18, 0x00, 0x00, 0x01, 0x00, 0x04, 0x00, 0x00, 0x10, 0x31, 0x92,
    0xeb, 0x05, 0xf7, 0x05, 0x00, 0x40, 0x22, 0xf2, 0x31, 0x06, 0x00, 0x00, 0x05, 0xb6, 0x01, 0x00,
    0x00, 0xa0, 0x33, 0xf2, 0x32, 0x06, 0x33, 0x06, 0x00, 0xd0, 0x39, 0xe2, 0x34, 0x06, 0x00, 0x00,
    0x05, 0x4e, 0x00, 0x00, 0x00, 0x70, 0x33, 0xe2, 0x35, 0x06, 0x36, 0x06, 0x00, 0xe0, 0x39, 0xe2,
    0x34, 0x06, 0x00, 0x00, 0x00, 0x00, 0x35, 0xf2, 0x37, 0x06, 0x38, 0x06, 0x00, 0x10, 0x37, 0xf2,
    0xf1, 0x05, 0x00, 0x00, 0x00, 0xa0, 0x33, 0xf2, 0x3a, 0x06, 0xf6, 0x05, 0x00, 0x70, 0x33, 0xf2,
    0x39, 0x06, 0x3b, 0x06, 0x00, 0xd0, 0x39, 0xe2, 0x3c, 0x06, 0x00, 0x00, 0x05, 0x0e, 0x00, 0x02,
    0x00, 0x70, 0x33, 0xe2, 0x3d, 0x06, 0x3e, 0x06, 0x00, 0xe0, 0x39, 0xe2, 0x3c, 0x06, 0x00, 0x00,
    0x00, 0x00, 0x35, 0xf2, 0x3f, 0x06, 0x40, 0x06, 0x00, 0x10, 0x37, 0xf2, 0x29, 0x06, 0x00, 0x00,
    0x05, 0x56, 0x03, 0x00, 0x00, 0xa0, 0x33, 0xf2, 0x42, 0x06, 0x43, 0x06, 0x00, 0x70, 0x33, 0xf2,
    0x41, 0x06, 0x44, 0x06, 0x00, 0x00, 0x37, 0xe2, 0x45, 0x06, 0x00, 0x00, 0xf4, 0x64, 0x00, 0x00,
    0x18, 0x19, 0x00, 0x00, 0xa8, 0x18, 0x00, 0x00, 0x01, 0x00, 0x04, 0x00, 0x00, 0x00, 0x37, 0xe2,
    0xeb, 0x05, 0x00, 0x00, 0x05, 0x56, 0x00, 0x00, 0x00, 0xa0, 0x33, 0xf2, 0xfa, 0x05, 0x48, 0x06,
    0x00, 0xa0, 0x30, 0xf2, 0x2a, 0x06, 0x49, 0x06, 0xf4, 0x64, 0x00, 0x00, 0x1c, 0x19, 0x00, 0x00,
    0x28, 0x19, 0x00, 0x00, 0x01, 0x00, 0x04, 0x00, 0x00, 0xe0, 0x39, 0xe2, 0xeb, 0x05, 0x00, 0x00,
    0x05, 0x57, 0x00, 0x00, 0x05, 0x56, 0x00, 0x00, 0x00, 0xa0, 0x33, 0xf2, 0x4c, 0x06, 0x4d, 0x06,
    0x00, 0xa0, 0x30, 0xf2, 0x2a, 0x06, 0x4e, 0x06, 0xf4, 0x64, 0x00, 0x00, 0x2c, 0x19, 0x00, 0x00,
    0x3c, 0x19, 0x00, 0x00, 0x01, 0x00, 0x04, 0x00, 0x05, 0x56, 0x00, 0x00, 0x00, 0xa0, 0x33, 0xf2,
    0xf8, 0x05, 0x50, 0x06, 0x00, 0xa0, 0x30, 0xf2, 0x2a, 0x06, 0x51, 0x06, 0xf4, 0x64, 0x00, 0x00,
    0xd4, 0x17, 0x00, 0x00, 0x48, 0x19, 0x00, 0x00, 0x01, 0x00, 0x04, 0x00, 0x05, 0x97, 0x00, 0x00,
    0x05, 0x56, 0x00, 0x00, 0x00, 0xa0, 0x33, 0xf2, 0x53, 0x06, 0x54, 0x06, 0x00, 0xa0, 0x30, 0xf2,
    0x2a, 0x06, 0x55, 0x06, 0x01, 0x00, 0x00, 0x00, 0x00, 0x00, 0x00, 0x00, 0x00, 0x00, 0x00, 0x00,
    0x00, 0x00, 0x00, 0x00, 0x00, 0x00, 0x00, 0x00, 0x00, 0x00, 0x00, 0x00, 0x01, 0x00, 0x00, 0x00,
    0x28, 0x00, 0x00, 0xf2, 0x56, 0x06, 0x00, 0x00, 0x2b, 0x06, 0x00, 0x00, 0x2a, 0x06, 0x00, 0x00,
    0x57, 0x06, 0x00, 0x00, 0x01, 0x00, 0x00, 0x00, 0x00, 0x00, 0x00, 0x00, 0x00, 0x00, 0x00, 0x00,
    0x00, 0x00, 0x00, 0x00, 0x00, 0x00, 0x00, 0x00, 0x00, 0x00, 0x00, 0x00, 0x04, 0x00, 0x00, 0x00,
    0x28, 0x00, 0x00, 0xf2, 0x59, 0x06, 0x00, 0x00, 0x58, 0x06, 0x00, 0x00, 0xe9, 0x05, 0x00, 0x00,
    0x5a, 0x06, 0x00, 0x00, 0x14, 0x15, 0x00, 0xf2, 0x00, 0x00, 0x37, 0xe2, 0x5d, 0x06, 0x00, 0x00,
    0xf4, 0x65, 0x00, 0x00, 0x70, 0x19, 0x00, 0x00, 0x78, 0x19, 0x00, 0x00, 0x08, 0x00, 0x01, 0x01,
    0x00, 0x00, 0x00, 0x00, 0x00, 0x00, 0x00, 0x00, 0x03, 0x00, 0x00, 0x00, 0x00, 0x00, 0x00, 0x00,
    0x00, 0x00, 0x00, 0x00, 0x0b, 0x00, 0x00, 0x00, 0x07, 0x06, 0x00, 0x00, 0x14, 0x15, 0x00, 0xf2,
    0x14, 0x15, 0x01, 0xf2, 0x14, 0x15, 0x02, 0xe2, 0x14, 0x15, 0x03, 0xe2, 0x05, 0x96, 0x00, 0x00,
    0x05, 0x56, 0x00, 0x00, 0x00, 0xa0, 0x33, 0xe2, 0x64, 0x06, 0x66, 0x06, 0x00, 0x10, 0x37, 0xf2,
    0x67, 0x06, 0x00, 0x00, 0x00, 0xa0, 0x30, 0xe2, 0x64, 0x06, 0x65, 0x06, 0x00, 0x60, 0x38, 0x92,
    0x63, 0x06, 0x69, 0x06, 0x01, 0x00, 0x00, 0x00, 0xa8, 0x19, 0x00, 0x00, 0x00, 0x00, 0x00, 0x00,
    0x03, 0x00, 0x00, 0x00, 0x00, 0x00, 0x00, 0x00, 0x00, 0x00, 0x00, 0x00, 0x03, 0x00, 0x00, 0x00,
    0x05, 0x76, 0x00, 0x00, 0x00, 0xa0, 0x30, 0xe2, 0x64, 0x06, 0x6c, 0x06, 0x00, 0x60, 0x38, 0x92,
    0x63, 0x06, 0x6d, 0x06, 0x01, 0x00, 0x00, 0x00, 0xb8, 0x19, 0x00, 0x00, 0x00, 0x00, 0x00, 0x00,
    0x03, 0x00, 0x00, 0x00, 0x00, 0x00, 0x00, 0x00, 0x00, 0x00, 0x00, 0x00, 0x02, 0x00, 0x00, 0x00,
    0x00, 0xa0, 0x30, 0xe2, 0x64, 0x06, 0x66, 0x06, 0x00, 0x60, 0x38, 0x92, 0x63, 0x06, 0x70, 0x06,
    0x01, 0x00, 0x00, 0x00, 0xc4, 0x19, 0x00, 0x00, 0x00, 0x00, 0x00, 0x00, 0x03, 0x00, 0x00, 0x00,
    0x00, 0x00, 0x00, 0x00, 0x00, 0x00, 0x00, 0x00, 0x03, 0x00, 0x00, 0x00, 0x05, 0x36, 0x00, 0x00,
    0x00, 0xa0, 0x30, 0xe2, 0x64, 0x06, 0x73, 0x06, 0x00, 0x10, 0x38, 0x92, 0x63, 0x06, 0x74, 0x06,
    0x01, 0x00, 0x00, 0x00, 0xd4, 0x19, 0x00, 0x00, 0x00, 0x00, 0x00, 0x00, 0x01, 0x00, 0x00, 0x00,
    0x00, 0x00, 0x00, 0x00, 0x00, 0x00, 0x00, 0x00, 0x04, 0x00, 0x00, 0x00, 0x00, 0xa0, 0x30, 0xf2,
    0x62, 0x06, 0x68, 0x06, 0x64, 0x51, 0x00, 0xe2, 0xdc, 0x19, 0x00, 0x00, 0x00, 0x04, 0x00, 0x00,
    0x00, 0xa0, 0x30, 0xf2, 0x61, 0x06, 0x68, 0x06, 0xf4, 0x64, 0x00, 0x00, 0xe0, 0x19, 0x00, 0x00,
    0xe4, 0x19, 0x00, 0x00, 0x01, 0x00, 0x04, 0x00, 0x01, 0x00, 0x00, 0x00, 0x00, 0x00, 0x00, 0x00,
    0x00, 0x00, 0x00, 0x00, 0x00, 0x00, 0x00, 0x00, 0x00, 0x00, 0x00, 0x00, 0x00, 0x00, 0x00, 0x00,
    0x00, 0x00, 0x00, 0x00, 0x01, 0x00, 0x00, 0x00, 0x00, 0x00, 0x00, 0x00, 0x00, 0x00, 0x00, 0x00,
    0x04, 0x00, 0x00, 0x00, 0x00, 0xa0, 0x30, 0xf2, 0x62, 0x06, 0x68, 0x06, 0x64, 0x51, 0x00, 0xe4,
    0xf4, 0x19, 0x00, 0x00, 0x00, 0x08, 0x00, 0x00, 0x00, 0xa0, 0x30, 0xf2, 0x61, 0x06, 0x68, 0x06,
    0xf4, 0x64, 0x00, 0x00, 0xf8, 0x19, 0x00, 0x00, 0xfc, 0x19, 0x00, 0x00, 0x03, 0x00, 0x08, 0x00,
    0x00, 0x00, 0x00, 0x00, 0x00, 0x00, 0x00, 0x00, 0x00, 0x00, 0x00, 0x00, 0x01, 0x00, 0x00, 0x00,
    0x00, 0x00, 0x00, 0x00, 0x00, 0x00, 0x00, 0x00, 0x05, 0x00, 0x00, 0x00, 0x00, 0xa0, 0x30, 0xf2,
    0x62, 0x06, 0x68, 0x06, 0x64, 0x51, 0x00, 0xe8, 0x08, 0x1a, 0x00, 0x00, 0x00, 0x10, 0x00, 0x00,
    0x00, 0x60, 0x1b, 0xe8, 0x0c, 0x1a, 0x00, 0xe4, 0x0c, 0x1a, 0x00, 0xe5, 0x0c, 0x1a, 0x00, 0xe6,
    0x80, 0x19, 0x00, 0xe4, 0x00, 0xa0, 0x30, 0xf2, 0x61, 0x06, 0x68, 0x06, 0xf4, 0x64, 0x00, 0x00,
    0x10, 0x1a, 0x00, 0x00, 0x14, 0x1a, 0x00, 0x00, 0x07, 0x00, 0x10, 0x00, 0x00, 0x00, 0x00, 0x00,
    0x00, 0x00, 0x00, 0x00, 0x00, 0x00, 0x00, 0x00, 0x01, 0x00, 0x00, 0x00, 0x00, 0x00, 0x00, 0x00,
    0x00, 0x00, 0x00, 0x00, 0x04, 0x00, 0x00, 0x00, 0x00, 0xa0, 0x30, 0xf2, 0x62, 0x06, 0x68, 0x06,
    0x64, 0x51, 0x00, 0xe8, 0x20, 0x1a, 0x00, 0x00, 0x00, 0x10, 0x00, 0x00, 0x00, 0xa0, 0x30, 0xf2,
    0x61, 0x06, 0x68, 0x06, 0xf4, 0x64, 0x00, 0x00, 0x24, 0x1a, 0x00, 0x00, 0x28, 0x1a, 0x00, 0x00,
    0x0f, 0x00, 0x10, 0x00, 0x00, 0x00, 0x00, 0x00, 0x00, 0x00, 0x00, 0x00, 0x00, 0x00, 0x00, 0x00,
    0x01, 0x00, 0x00, 0x00, 0x00, 0x00, 0x00, 0x00, 0x03, 0x00, 0x00, 0x00, 0x00, 0x00, 0x00, 0x00,
    0x00, 0x00, 0x00, 0x00, 0x0a, 0x00, 0x00, 0x00, 0x14, 0x15, 0x00, 0xf2, 0x14, 0x15, 0x01, 0xe2,
    0x14, 0x15, 0x02, 0xf2, 0x14, 0x15, 0x03, 0xe2, 0x14, 0x15, 0x04, 0xe2, 0x14, 0x15, 0x06, 0xe2,
    0x14, 0x15, 0x07, 0xe2, 0x14, 0x15, 0x08, 0xe2, 0x14, 0x15, 0x09, 0xe2, 0x00, 0x60, 0x38, 0x92,
    0x95, 0x06, 0x91, 0x06, 0x01, 0x00, 0x00, 0x00, 0x58, 0x1a, 0x00, 0x00, 0x00, 0x00, 0x00, 0x00,
    0x05, 0x00, 0x00, 0x00, 0x00, 0x00, 0x00, 0x00, 0x00, 0x00, 0x00, 0x00, 0x15, 0x00, 0x00, 0x00,
    0x05, 0x36, 0x00, 0x00, 0x00, 0xd0, 0x30, 0xe2, 0x94, 0x06, 0x98, 0x06, 0x05, 0x0e, 0x00, 0x00,
    0x00, 0xe0, 0x32, 0x92, 0x99, 0x06, 0x9a, 0x06, 0x05, 0x56, 0x00, 0x00, 0x00, 0xd0, 0x30, 0xe2,
    0x94, 0x06, 0x9c, 0x06, 0x00, 0xe0, 0x32, 0x92, 0x9d, 0x06, 0x9a, 0x06, 0x05, 0x96, 0x00, 0x00,
    0x00, 0xd0, 0x30, 0xe2, 0x94, 0x06, 0x9f, 0x06, 0x00, 0x10, 0x31, 0x92, 0xa0, 0x06, 0x9a, 0x06,
    0x05, 0x16, 0x01, 0x00, 0x00, 0xd0, 0x30, 0xe2, 0x94, 0x06, 0xa2, 0x06, 0x00, 0xe0, 0x32, 0x92,
    0xa3, 0x06, 0x9a, 0x06, 0x00, 0xa0, 0x30, 0xe2, 0x90, 0x06, 0x95, 0x06, 0x00, 0x80, 0x32, 0xe2,
    0xa5, 0x06, 0x92, 0x06, 0x00, 0x10, 0x37, 0xf2, 0xa6, 0x06, 0x00, 0x00, 0x00, 0xa0, 0x30, 0xf2,
    0x8f, 0x06, 0xa7, 0x06, 0x00, 0x80, 0x32, 0xe2, 0x95, 0x06, 0x8e, 0x06, 0x00, 0x10, 0x37, 0xf2,
    0xa9, 0x06, 0x00, 0x00, 0x64, 0x51, 0x00, 0xe2, 0xa0, 0x1a, 0x00, 0x00, 0x00, 0x04, 0x00, 0x00,
    0x00, 0x10, 0x37, 0xf2, 0xab, 0x06, 0x00, 0x00, 0x01, 0x00, 0x00, 0x00, 0x78, 0x1a, 0x00, 0x00,
    0x00, 0x00, 0x00, 0x00, 0x03, 0x00, 0x00, 0x00, 0x00, 0x00, 0x00, 0x00, 0x00, 0x00, 0x00, 0x00,
    0x01, 0x00, 0x00, 0x00, 0x00, 0x30, 0x33, 0x92, 0x9b, 0x06, 0x00, 0x00, 0x01, 0x00, 0x00, 0x00,
    0xb8, 0x1a, 0x00, 0x00, 0x00, 0x00, 0x00, 0x00, 0x01, 0x00, 0x00, 0x00, 0x00, 0x00, 0x00, 0x00,
    0x00, 0x00, 0x00, 0x00, 0x06, 0x00, 0x00, 0x00, 0x00, 0x10, 0x37, 0xf2, 0x93, 0x06, 0x00, 0x00,
    0x00, 0xa0, 0x30, 0xf2, 0x8d, 0x06, 0xaa, 0x06, 0x05, 0x56, 0x00, 0x00, 0x00, 0xa0, 0x33, 0xf2,
    0xb0, 0x06, 0xb2, 0x06, 0x00, 0xa0, 0x30, 0xf2, 0xb1, 0x06, 0xb3, 0x06, 0xf4, 0x64, 0x00, 0x00,
    0xac, 0x1a, 0x00, 0x00, 0xd0, 0x1a, 0x00, 0x00, 0x01, 0x00, 0x04, 0x00, 0x01, 0x00, 0x00, 0x00,
    0x00, 0x00, 0x00, 0x00, 0x00, 0x00, 0x00, 0x00, 0x06, 0x00, 0x00, 0x00, 0x00, 0x10, 0x37, 0xf2,
    0x93, 0x06, 0x00, 0x00, 0x00, 0xa0, 0x30, 0xf2, 0x8d, 0x06, 0xaa, 0x06, 0x05, 0x76, 0x00, 0x00,
    0x00, 0xa0, 0x33, 0xf2, 0xb6, 0x06, 0xb8, 0x06, 0x00, 0xa0, 0x30, 0xf2, 0xb7, 0x06, 0xb9, 0x06,
    0xf4, 0x64, 0x00, 0x00, 0xb0, 0x1a, 0x00, 0x00, 0xe8, 0x1a, 0x00, 0x00, 0x01, 0x00, 0x08, 0x00,
    0x00, 0x00, 0x00, 0x00, 0x00, 0x00, 0x00, 0x00, 0x00, 0x00, 0x00, 0x00, 0x01, 0x00, 0x00, 0x00,
    0x00, 0x00, 0x00, 0x00, 0x00, 0x00, 0x00, 0x00, 0x00, 0x00, 0x00, 0x00, 0x00, 0x00, 0x00, 0x00,
    0x00, 0x00, 0x00, 0x00, 0x00, 0x00, 0x00, 0x00, 0x02, 0x00, 0x00, 0x00, 0x00, 0x01, 0x00, 0x00,
    0x07, 0x00, 0x00, 0x00, 0x00, 0x00, 0x00, 0x00, 0x00, 0x00, 0x00, 0x00, 0x02, 0x00, 0x00, 0x00,
    0x28, 0x00, 0x00, 0xe2, 0x9a, 0x06, 0x00, 0x00, 0xbd, 0x06, 0x00, 0x00, 0xec, 0x06, 0x00, 0x00,
    0xeb, 0x06, 0x00, 0x00, 0x00, 0x10, 0x38, 0x92, 0xbf, 0x06, 0x93, 0x06, 0x01, 0x00, 0x00, 0x00,
    0x00, 0x1b, 0x00, 0x00, 0x00, 0x00, 0x00, 0x00, 0x01, 0x00, 0x00, 0x00, 0x00, 0x00, 0x00, 0x00,
    0x00, 0x00, 0x00, 0x00, 0x01, 0x00, 0x00, 0x00, 0x26, 0x00, 0x00, 0x00, 0x01, 0x00, 0x00, 0x00,
    0x00, 0x00, 0x00, 0x00, 0x00, 0x00, 0x00, 0x00, 0x00, 0x00, 0x00, 0x00, 0x00, 0x00, 0x00, 0x00,
    0x00, 0x00, 0x00, 0x00, 0x02, 0x00, 0x00, 0x00, 0x00, 0xa0, 0x33, 0xe2, 0xbf, 0x06, 0x98, 0x06,
    0x00, 0xa0, 0x30, 0xe2, 0x98, 0x06, 0xc4, 0x06, 0x01, 0x00, 0x00, 0x00, 0x84, 0x1a, 0x00, 0x00,
    0x00, 0x00, 0x00, 0x00, 0x01, 0x00, 0x00, 0x00, 0x00, 0x00, 0x00, 0x00, 0x00, 0x00, 0x00, 0x00,
    0x05, 0x00, 0x00, 0x00, 0x00, 0x10, 0x37, 0xf2, 0xc5, 0x06, 0x00, 0x00, 0x05, 0x76, 0x00, 0x00,
    0x00, 0xa0, 0x33, 0xf2, 0xc7, 0x06, 0xc8, 0x06, 0x00, 0xa0, 0x30, 0xf2, 0xa8, 0x06, 0xc9, 0x06,
    0x64, 0x51, 0x00, 0xf2, 0x28, 0x1b, 0x00, 0x00, 0x00, 0x08, 0x00, 0x00, 0x01, 0x00, 0x00, 0x00,
    0x00, 0x00, 0x00, 0x00, 0x00, 0x00, 0x00, 0x00, 0x0a, 0x00, 0x00, 0x00, 0x00, 0x10, 0x37, 0xf2,
    0xc5, 0x06, 0x00, 0x00, 0x05, 0x76, 0x00, 0x00, 0x00, 0xa0, 0x33, 0xf2, 0xcd, 0x06, 0xce, 0x06,
    0x00, 0xa0, 0x30, 0xf2, 0xa8, 0x06, 0xcf, 0x06, 0x64, 0x51, 0x00, 0xf2, 0x40, 0x1b, 0x00, 0x00,
    0x00, 0x08, 0x00, 0x00, 0x05, 0x17, 0x01, 0x00, 0x00, 0xa0, 0x30, 0xf2, 0xd0, 0x06, 0xd2, 0x06,
    0x64, 0x51, 0x00, 0xf2, 0x4c, 0x1b, 0x00, 0x00, 0x00, 0x08, 0x00, 0x00, 0x00, 0x20, 0x33, 0xf2,
    0xd1, 0x06, 0x00, 0x00, 0x00, 0xa0, 0x30, 0xf2, 0xd4, 0x06, 0xd5, 0x06, 0x00, 0x00, 0x00, 0x00,
    0x00, 0x00, 0x00, 0x00, 0x06, 0x00, 0x00, 0x00, 0x28, 0x00, 0x00, 0xf2, 0xcb, 0x06, 0x00, 0x00,
    0xc6, 0x06, 0x00, 0x00, 0xd6, 0x06, 0x00, 0x00, 0xcc, 0x06, 0x00, 0x00, 0x05, 0x0f, 0x00, 0x00,
    0x00, 0x10, 0x31, 0x92, 0xab, 0x06, 0x9a, 0x06, 0x00, 0xd0, 0x30, 0x92, 0xa4, 0x06, 0xda, 0x06,
    0x00, 0x10, 0x27, 0xf2, 0xdb, 0x06, 0xd9, 0x06, 0xd8, 0x06, 0x00, 0x00, 0x00, 0x30, 0x33, 0x92,
    0x9b, 0x06, 0x00, 0x00, 0x01, 0x00, 0x00, 0x00, 0x74, 0x1b, 0x00, 0x00, 0x00, 0x00, 0x00, 0x00,
    0x01, 0x00, 0x00, 0x00, 0x00, 0x00, 0x00, 0x00, 0x00, 0x00, 0x00, 0x00, 0x07, 0x00, 0x00, 0x00,
    0x00, 0x00, 0x37, 0xe2, 0xdc, 0x06, 0x00, 0x00, 0x00, 0x10, 0x37, 0xf2, 0xbf, 0x06, 0x00, 0x00,
    0x00, 0xa0, 0x30, 0xf2, 0x8d, 0x06, 0xaa, 0x06, 0x05, 0x56, 0x00, 0x00, 0x00, 0xa0, 0x33, 0xf2,
    0xe0, 0x06, 0xe2, 0x06, 0x00, 0xa0, 0x30, 0xf2, 0xe1, 0x06, 0xe3, 0x06, 0xf4, 0x64, 0x00, 0x00,
    0x7c, 0x1b, 0x00, 0x00, 0x90, 0x1b, 0x00, 0x00, 0x01, 0x00, 0x04, 0x00, 0x01, 0x00, 0x00, 0x00,
    0x00, 0x00, 0x00, 0x00, 0x00, 0x00, 0x00, 0x00, 0x06, 0x00, 0x00, 0x00, 0x00, 0x10, 0x37, 0xf2,
    0xbf, 0x06, 0x00, 0x00, 0x00, 0xa0, 0x30, 0xf2, 0x8d, 0x06, 0xaa, 0x06, 0x05, 0x76, 0x00, 0x00,
    0x00, 0xa0, 0x33, 0xf2, 0xe6, 0x06, 0xe8, 0x06, 0x00, 0xa0, 0x30, 0xf2, 0xe7, 0x06, 0xe9, 0x06,
    0xf4, 0x64, 0x00, 0x00, 0x70, 0x1b, 0x00, 0x00, 0xa8, 0x1b, 0x00, 0x00, 0x01, 0x00, 0x08, 0x00,
    0x00, 0x00, 0x00, 0x00, 0x00, 0x00, 0x00, 0x00, 0x01, 0x00, 0x00, 0x00, 0x00, 0xa0, 0x30, 0xe2,
    0xbf, 0x06, 0x98, 0x06, 0x00, 0x00, 0x00, 0x00, 0x00, 0x00, 0x00, 0x00, 0x00, 0x00, 0x00, 0x00,
    0x01, 0x00, 0x00, 0x00, 0x00, 0x00, 0x00, 0x00, 0x00, 0x00, 0x00, 0x00, 0x00, 0x00, 0x00, 0x00,
    0x00, 0x00, 0x00, 0x00, 0x00, 0x00, 0x00, 0x00, 0x00, 0x00, 0x00, 0x00, 0x28, 0x00, 0x00, 0x00,
    0x00, 0x00, 0x00, 0x00, 0x00, 0x00, 0x00, 0x00, 0x00, 0x00, 0x00, 0x00, 0x00, 0x00, 0x00, 0x00,
    0x00, 0x00, 0x00, 0x00, 0x03, 0x00, 0x00, 0x00, 0x08, 0x00, 0x00, 0x00, 0x00, 0x00, 0x00, 0x00,
    0x03, 0x00, 0x00, 0x00, 0x03, 0x00, 0x00, 0x00, 0x00, 0x00, 0x00, 0x00,
};
